Agent ID,Predicted Churn
1f8ccbd9-a1c0-42cb-b014-2a940af95998,0
e8701b1e-5b9c-4689-ab5b-c5e166f4e067,0
4788fae9-e7b0-4672-95a9-1546a3fe7712,0
87c89d55-2e6d-437f-a034-8bd27434f1bb,0
e489b913-1f09-48f1-bcdf-729c4f12ff6e,0
b7aa73c4-3557-4118-acd0-6fe219811aff,0
c24840f0-c741-47a3-8f72-971dae036eb5,0
26e5d5d0-f134-470f-b900-30ea8347de13,1
5e54a8c6-5bb4-4fe2-a5ec-0ddc7ae889b1,0
aafee1a3-98ca-40f9-a620-77713b4d1242,0
4870a1cc-bc9e-4c93-8ce3-f39cad44b901,0
66076b19-bbdb-4352-9744-7205edf31895,0
9ffaf508-fbc8-48e7-b142-92c6445a5e9e,0
bcf53d4e-eb49-424b-ad98-992cfedcf00f,0
c679d3f2-b277-4686-9ae9-2f15ae12abd1,0
d878f8ae-0ec9-45a1-b3c0-0457408b0b94,1
f43d7023-2c2d-46d1-a963-b034fe5333e2,0
91b8b63a-3143-45e8-abaf-8c78d635c557,1
7628fe20-3a03-4ebc-bdd4-71159cfa2ba3,0
0da58f7e-e5b2-42ad-9eec-1fa1b0f07fcf,0
6a96403a-8454-41d4-8dc7-f01340154609,0
4e193a29-9ddb-4d7e-93da-cfd88f152d03,1
30ca8aa1-7618-41d3-ab21-44fbfeb56054,0
71921226-1f20-45cf-ad05-5eb3e972667c,0
c567c7c1-a0e3-48f1-8b10-4962d90e6352,1
fcb22c60-210b-4ff6-8083-d61cbfc08278,0
3cbc56f8-76b4-42b1-bf29-7f01b41a47ad,0
f72afa2f-5546-443c-923d-75f4f66fd8e7,1
d10c21eb-9206-4840-b9c0-c9aa303e5eeb,0
c1dedada-79d1-4b05-9179-daeb41ebe875,1
06ae8e78-34e4-4d23-9321-a933024f9aca,0
ef27b697-5ef4-4b3a-96d0-dd93e859f2bc,0
927e3dff-2304-4711-8ae3-ca476785484e,1
7f643655-88c3-4bbb-9741-55beb5cbdc90,0
ca2de531-8ae3-4690-9a52-6152d3f59e6b,0
c88156c6-62ca-4192-928b-a39b2c164a77,0
389d734d-a7f1-4f20-9d51-f13b64edddc0,0
5ae585db-8192-4566-ab27-d71b9762e1df,1
6d90b816-99fb-46b9-8ddc-0f6be7cba609,0
0ec6b060-9a0b-4458-bfe9-d6fae87a1364,1
1fec437b-0943-4167-a7d8-fb15cbbc1f13,1
97883d0f-0517-40c9-9797-3cce91cfbbb4,1
d96041b6-03fb-4fc5-b967-a176039f8e16,1
a4b91481-cb76-4c2d-a6e7-dc5cdca27b96,1
3e8b6b8e-ea2f-4bdc-b46f-b7e726b0485c,0
39a82d92-c7c7-431a-baac-711fe1a3e0c4,1
ff87946c-5368-4a98-be95-b449e8390cf7,0
7faa50da-527b-4ad2-bcc1-5edcd11c1732,0
935a0138-f314-4b48-8efb-8c21db0f7d0c,0
816184fa-4371-4adc-a816-3614f3bf7add,0
c4916530-3587-4db5-85f4-35b914137d65,0
0908111e-14a6-42ae-aed3-65529319cbde,1
90ead809-6e7e-4e43-9f93-08655d801ab7,1
64f1503c-64cd-4935-a4d4-fd79163e9d49,0
9d8f7e34-20c6-4f1a-baa5-05ef99399022,0
ec1d4b12-69bc-4fda-9c30-7e5211d775bd,0
45a45034-32b5-4f96-a861-91ba6bfae1be,1
e6063746-4a25-4488-86c1-661efd2fd0c0,1
2b47b878-7ace-4f45-b7fb-509360f59f83,0
cbcbfd81-081b-456a-88fc-27e27c110594,0
601a88d6-c9c9-4099-b5bf-90c0ec4aefaf,1
54cfc55f-3c4a-46c6-bf19-a600b90c8f8f,0
f3bd8ffd-a7b1-4399-b7d2-b3e2699c4d9c,1
060d5b79-4e25-48a1-af4b-23e76ee8d6eb,0
8a6f90e3-d0eb-4437-a549-add290d76d5c,0
fcce7f8d-c5af-4294-9dc0-838626a175ea,1
93f2e4f1-b4c4-42a4-afb8-b4b455d57874,0
4bb8ef15-d185-4d5a-ad88-0c870c310825,0
3c7a3cdb-844a-4a5a-b419-1882a54f8762,1
1fa53df4-ff7b-45f6-b92c-e0dbb62381ff,1
a3b25e17-8743-48e8-baf7-d6f322555cda,0
9f46df7f-7430-4a24-95fb-de74a73d5f29,1
20173621-08ef-4c39-8c8e-7657c07cef1a,1
afafc59a-ae13-4443-9bd7-0627663a3a23,0
1b1c4960-ef29-4be2-b68b-e7689776f90c,0
12fa33c5-650b-44de-a16c-985c119d16cc,0
d47f2b0c-43d5-406c-84d5-8af60b5a7301,1
983424df-f9a2-4ddb-b1aa-09f5e1ea8dc0,0
c0813d33-499f-4165-9ab9-6c7e88db27ec,0
b986cb60-9295-4757-8fd5-61ce91f37558,0
3af0440c-9255-40af-91bd-0df9d11d43bc,1
9f700f94-d065-43ea-be2b-5e4e002e67a3,0
5128eb1b-2496-443d-805a-c6e46edbd750,0
efdfc4b9-ae13-45d4-b6a0-7b915762ba52,1
25e2d535-e19d-4047-854a-8332859dad56,1
bf8cb00b-499c-41c4-b4f5-14b319906687,0
5c599e44-e556-4b54-bc98-615486a87585,1
26a64e9d-03bc-48c2-a0d1-170e403c6f7f,0
f73f98f9-fccc-4fed-9cda-2d0da7da3d0b,1
3411fbd8-4173-4044-aea0-319e443366f3,1
0d32990f-26bb-445f-a0c8-8189114c8e65,0
39dd99f8-8d75-42f5-b2f3-50380327b5aa,1
46806781-7f6d-4e97-b8f4-6fe5943bac08,1
c4c86b3a-7fda-4ed2-a1d3-d11cd56784bf,0
765aeb49-de0d-429f-86c9-b670f10753a8,0
7c581879-0fe6-43f9-8077-ba1c4fa5ad18,1
3db42a83-fc98-40f9-b37a-c99f56b8452e,1
3cdbfb3c-b5c3-4f1c-8fb4-12c515ce3f46,0
8cec6472-4180-4464-a672-801421f77db4,0
2d2c51f2-5338-46cd-acc8-3d6316590d78,1
f8867bb3-ebfe-407b-a154-5fdc9a540f6a,0
db926656-b643-4737-9e7d-93c77660e2b2,1
941d0733-4732-41fe-8d1a-1253178a96e1,0
b7248dcb-ea34-480a-aa7c-c41f613d6844,1
f4931a86-9378-411c-902a-64cba7f3f726,1
d07c12eb-11b6-4efd-b54c-b8e1ccf9342a,1
023e383a-038a-406b-b1a8-9e7c96a234cf,0
3832770a-a697-4874-b3a1-0a417ddc2136,0
dd362582-7950-4fa7-831f-6247613cc206,0
0c80acee-cdf0-40c6-9895-3edef3a9288b,1
8e351458-619b-44f8-91ea-c5f6b5b3fb02,1
c3402c1d-4339-44d6-9f18-f731cd28a292,1
9b4519ac-21cb-461c-b2fc-311405b1b2aa,0
aefe2a8c-6931-4645-bef7-024beddaf945,0
fc4c736a-2aae-4d7e-aa20-58e0b029c9b5,0
927c1c34-35e6-4aed-b76d-2c6ae287d495,1
679af484-5e2f-46f9-9d2f-871dbe946220,1
c9020650-4399-49ad-b91e-3ee0306ece90,1
45c508f5-85a0-45f6-b705-93dbee7d752f,0
ac56ccea-e518-4278-acce-06875caccc02,0
57ab54cf-5f43-47b7-acef-121422fd25d1,0
6d66d9b3-4a93-4055-98ec-85713757ae98,1
ee2b9bf8-4e96-4ac6-8110-6f0e78e0de69,0
d6710ce7-3d25-4879-acc1-a689c4d52648,1
be64df9a-dd84-480b-8df3-905705cf5f09,0
b3e944db-14a1-4ced-94e4-4f7536a6a9f6,1
f2fd0736-5da6-441c-ad9c-f9d8d988142c,1
5c9ea8c5-361b-4d6d-bfd5-32566b3b72b9,1
bea49ceb-8568-4f0a-b0cb-e6b616e89ff5,1
fafc8e12-fa7a-48b0-b802-f7a20c4dda5b,0
4d34683d-eef2-4c65-9e5b-e0692dd1e0bb,1
cdf3fc12-3456-44c3-a7d6-969738f5b105,0
4095f210-8655-43b0-8a74-a783e472cf52,1
46fa11fb-8682-4b83-975e-c2dc023cfbe1,0
337d469a-7a70-44d0-905a-2741fb6e5fd8,1
83adbc62-54bd-4ea1-9db6-f68db04441dc,1
293bbdb6-833c-44a3-b65f-c740992946fd,0
80488516-9304-429f-bae5-221fc4d19744,0
bd77ddcf-8daf-4e61-b4a7-853994b09c52,0
b27221ed-9531-43bc-b7a4-2d4142301529,0
21772952-2a84-446f-b016-4df3eab6c4b7,1
91b6d82a-d2be-4055-b07b-b0eafa837f3e,1
2448435f-c177-43ab-85e2-759a6baf4651,1
2dc05518-f828-4f12-842a-d1bc6ed7824a,0
7d7afe63-0f95-49c0-9759-ec1e0dc342a5,0
b69e97f8-27f8-4907-8298-7bb49b27d73d,0
f8afe2f6-a063-413f-a320-0ddfdc9189b9,0
001fbcc4-48b8-4299-b323-77d5a0434c07,0
d82f485d-6d7d-400a-baa6-f840d54386d2,0
e3913a8d-06f7-44bf-9a22-5b78a1c7f7ac,0
4a707eca-5ec7-4e40-bede-e16522bf68e2,0
b5f89ffb-b28b-45f6-be0d-d86b7fc754b9,0
c33143de-1bea-40db-94b7-9daa1eb96e3a,0
cee556f0-d6e3-4921-9ebd-9a41e11e9224,0
b6b54c65-06e4-4b7c-8268-72d809091b3e,0
de0349f9-2a36-421c-93e4-bdcbd420a866,1
e9644166-00fb-4545-b5ff-68cd5ca0e66e,0
e6c3006b-0d74-4143-9e6a-2952902db8fa,0
6b6260a8-792b-4e3a-b6d0-782b6a7968bd,0
4d076172-d844-457a-bb2c-86d9c76d5dc6,1
c5deb7b2-3c3c-4176-b756-b3317a19b180,0
50d78fb4-0bec-45a2-8570-12e79fd5b2ca,1
66b43713-9cc7-4466-823f-2a1af1c88ed0,0
c2d11ddd-97cc-405f-b2d7-6b0481a73960,0
080ed9e6-1773-43d2-bb5e-fa25e01ef15d,1
8d181e4c-bffb-4af8-857a-376b876f29a8,1
21832548-0909-434c-a9b6-31cd71c64143,1
4cdf4548-a171-4f49-9315-548359b858fb,0
66df2a4e-3def-4472-b2f1-24c188b86c4f,1
31f02e5b-2809-4055-8e30-a329a1615de9,0
8068337f-2dd2-40d4-95fe-097c4ade8ea7,1
eac9565c-2d62-43ad-ad2d-7e6d18447098,0
5b4e883e-4a49-4c5f-8deb-62d447e7c398,1
cd693f6a-4bfd-4c7a-a98f-3839d6ab8c3d,1
ab070f12-0770-437e-820f-e4bdd245e350,0
5c5eb55a-10a9-41ab-b6ff-614c3eaa07c8,0
0b8f1b06-1dfe-4807-8c79-2269052c6e05,1
8120efc9-31ed-4846-ac44-5b22b87d31f3,1
ded6abe9-5809-4323-8932-409bab2be150,1
ea3e6098-fa8d-42c3-b571-491d3da5b44e,0
8ac543da-f549-4f69-a69a-ae65cfc1883b,0
869853d1-6747-4971-af8e-888ec2204af8,0
74052d72-ffa2-47ae-9961-960514f961d3,1
e15fb9c2-1395-4d41-a2f1-834603da13d9,0
1342af39-f246-4c80-ba7e-c7cfa993363a,0
861d5297-7da8-4199-af81-859a837a3f1b,0
f2984708-5e5e-459e-a752-5bb11266bcef,0
7743841c-5b9d-4713-b3d8-0354149f2dea,0
41645af2-be0f-4303-aa77-bf0537d482a2,0
222167b3-4701-4bbc-92c8-b90d0728099a,0
ece5b907-4000-4f6c-84e9-0a82ede56795,0
72d04f26-b5f4-4597-a0b3-a9adac71227e,0
fb74f07a-a7d3-408a-93ad-58f2851d5547,1
cade2ed2-70ff-4edf-ad97-c3ba62a251d9,0
f2a22ef2-d46c-4d9f-91db-a109560e7d01,1
c4132aef-503b-4f84-af27-2e208757e0ab,0
a00b4a69-dbf0-4d5f-a77b-125ee2edf0f9,0
5f844596-de26-4ec5-923e-f9f63d11ed06,0
81cee32c-20e7-423b-b844-356583f52ac5,0
6fe65693-efdb-42cd-8756-430a9148e803,0
146f38ee-cfcc-4ce0-b535-c58d04e650b2,1
26f6cb15-90a4-4a76-83a5-43e898ba4a82,0
6fec114e-d23c-4813-b89f-967943a2011f,0
8041e24f-bbee-47d8-b005-41d25bd3ee7e,1
613304b4-83a8-4bb2-8535-587629a2e7fc,0
ca517574-10f4-435c-aad1-f5886a0213c9,0
abc4d9fc-56ef-434e-b9e3-ca1c255530b5,0
eb8b698f-7ac0-47c3-8015-ddbcf8ed0341,0
19bbf974-e2ce-4b44-a6c3-b0d732ff8e40,0
48e3f9c8-5930-40f6-8eb8-6804623284b0,0
be599cdb-081b-4353-9ede-8d346e60d3e7,0
b6ae7264-be21-4574-a1d0-cc29e2889e3a,0
5117d98f-68ba-4149-8049-aac34130705a,1
4e53877f-59ab-4ffe-87ee-c3eaefc24b3d,0
f777a902-2dfa-48e3-a77f-dd6467574de3,1
6d7a7075-22d0-4437-aa85-452e29822802,0
202236b8-0a14-48f2-b4c9-0ae46f9666c5,1
43e07324-25f7-48d4-935f-748782767938,1
856c30d6-5942-46db-a419-dd400853c355,0
d1481a90-14db-4646-9ac9-416d95f625c0,0
1a2b450a-5498-4b15-9d11-52036e4b7961,1
17b08ca4-cc73-47b8-a213-6bdbac03fc5a,0
83530141-e6ff-4d54-96ac-1fc8249f309c,0
514ce049-cb70-4076-b462-f4be1b625efc,1
061accad-306b-41f9-a1ed-b3a7053e9bad,0
f52e163e-f3bf-40af-8f87-abe6b49ff5f6,0
fa564fd0-0422-4f1f-a365-54e500767c6d,0
fd1f90c5-7591-4f14-a4b0-55b9f43ce0cb,0
4e783ed5-993b-4a50-862f-b738dad965b9,1
5dbf61d0-7f6e-4002-82ea-ad607e29270b,0
518f5f4b-6c0a-4398-9a49-48a9aff1cdd2,0
c2fe9800-874c-4859-bc1a-48ff0bf1aee8,1
c8936cd5-6fa9-49c9-82ae-967b25e75e0f,0
5ecb32af-c790-443d-aa96-c556771bb2eb,0
94e6c974-928f-4526-b894-e9bc2552b23d,1
a5552a6c-3bde-4e89-afff-1030c5b9142d,0
631fce5e-be3a-4359-9354-9694c6bb1dbe,0
6a16982a-4b3e-4621-9805-a6a977bf9c1a,0
0a8967c8-a720-4b10-a6a1-414ee6818563,0
ff94ef62-d6f0-4e5f-92fb-7cf87a0fd0dc,0
126405cc-a34e-4ba4-ae64-2ea821af97ae,0
19fca434-4c51-4ef5-96be-57de5fa7b46c,0
9145f707-19b6-49e7-95d2-67cd5c1a3e08,1
cf17114d-701e-4dce-9988-79fb8bf9be70,0
3cb846ab-4eed-4a54-afef-8d4d21788992,0
59a3b8e7-a528-4285-8e44-b0b0939675ff,1
478a5ff1-3d9c-428b-b28b-cb3a70e3c8cc,0
0b54ae68-3bfd-4917-bd81-82c19b722b53,0
da3195be-4383-4104-ac11-61aa90fc1ede,0
a43891d5-0a87-4d52-aa74-6c8fec6cc869,0
cda45709-92eb-4cc3-bb50-35b3d080ca2b,0
29274ea5-0729-4522-a1d4-2c1330fa3eca,0
9f238bff-bff2-4298-9ca0-83f44441d9f8,0
1b929155-d4b7-465b-8a5a-b9f1bf5fc5f9,0
5b0717d6-33a2-477e-8513-ed061714aa3d,1
2505a1b9-f17a-4ce7-8660-99cb06262f1b,0
1889016d-21d0-4c2d-8000-bcc765ad6467,1
7a94c203-e85f-4911-bf45-410e22cd78a3,0
424f2f14-3492-4179-bd9a-342c5684677d,0
145b7937-9b28-417f-959f-00952733b250,1
0c1c2ee0-aa3b-47cf-ba06-b7bf5fb7a9be,0
f0065894-915e-482b-8dba-1b5210783d51,1
ad4caba5-5ea2-4074-ae0e-0f3090921c3f,1
69080cd3-2135-4cae-a3b2-e15d6c669b88,0
62ddd116-e3f2-420f-b91a-2bd31adf0a10,0
f29b424a-e40a-4756-a692-0edf197f5d8b,1
be344377-fdc5-4951-b2d5-828a6a7e8e99,1
9812cfa4-31ec-4b6e-85c5-620fb4df18ee,0
06c7e1ea-237d-4fd3-9209-ff792c103948,0
5da350b0-5304-412c-a3a1-88fa09b5301f,1
8a42bbe6-f0a5-4090-8ecf-281daf1f3144,1
7358c5aa-be48-4a52-91ad-2d9a1100ba45,0
5cb8cc16-e6d3-4ed4-8028-14402d9ac124,0
952e5891-0bb3-4201-b887-064a5a5e60c1,0
b23e3fb4-f74a-4548-b067-faac60ffd112,0
068eb9d6-aa9e-458f-b83b-663b8e90caf7,1
b425f678-8cf4-498b-b2bc-01846c38c9ed,0
a51108bb-8293-4937-8a35-840d714bfe29,0
7517b566-c162-41ed-857a-b7df662ffb02,1
ea6fabd0-9a9a-4ae2-b45c-9c948c76659b,0
5a9cfdab-ff82-4ee0-a44e-d2ca7470b5cf,1
91437fb1-3066-4787-92e0-4fcac04ca459,0
6fb4882c-a27f-423d-aacf-efdd11aa368b,0
42ba3f84-d089-40d3-8c5f-e695305db73a,1
e66c2c9a-9744-4a00-b70d-d969fdcab47e,1
dd651dfe-7c41-4916-9121-2a827a827037,1
f0a3cafd-b749-4c20-88d8-14f1a6925e74,1
58f4a5c8-a420-4d8e-b5f6-a037584982d0,1
e1629eef-1940-449d-ac6d-a827ba6a604e,0
0a8111dd-c559-493c-bc76-7ea6e00449f2,1
6e7e6e03-5c99-4a7e-8672-f0a82ec0e909,0
091a0634-e722-460d-8d07-9a8a591f364b,0
38d87e58-de23-4c97-a1d6-ada3d79ed225,0
c610de51-1047-48c0-9c0c-f6d67e4fe08a,0
313eac10-0556-485a-bc6c-a6ecda552ce9,0
4bbe35d8-2dfa-4d2f-956a-e440faded903,0
a31d736e-a1f8-4c21-af9d-ae275c9686d9,0
79a3f356-943c-4c02-b25a-1186f858c8b2,0
71aa477c-edff-46cc-8818-d2ae344ecef2,0
391073c2-faaa-4e37-a01e-209a5cca18be,0
65e3bc6c-73a7-419c-860c-6521b4797103,0
de919ead-8dc4-447c-9a59-743147501900,1
3bb3e059-a943-4b93-94fa-ba16ceb01730,1
9d83c8ba-e0f8-405c-a118-acf3486225bf,0
858342ff-d6a2-4e42-a7e7-ef0f898147fa,1
b228c48f-727e-410f-b76f-8849cc808e31,0
4c1c083b-4316-45f8-b4bc-6c9473d43602,0
33f601ca-e1db-461a-9d7f-05be69de9765,0
e7f897dd-e3f6-4cc7-a999-0d49fbee0946,1
4c6bebce-325f-4972-ba63-3f32eb2eeb17,0
5ff6c957-e0ad-42f2-af15-cd08d1ca2eec,1
908f5d5b-c226-4540-9e87-a004163c631f,0
e4ae5385-fb74-4d88-b951-ca62a0835f6e,0
51a07e81-7373-44b1-a3f6-b1d75630f5a9,0
b42a6109-2471-4cd8-a76e-de1d1dff4778,0
754b5ff8-db04-43d2-9463-3e315dc49bd1,0
d7280c07-d8f9-419b-88a5-65cfb4e907e3,1
53cf7720-15df-49d3-b40f-83a9a3749118,1
65ba407f-0b4a-46d9-a5ac-9841d635051e,0
69ae8b65-9ad1-49a5-81d7-66beddd0f9d8,1
489694b9-3728-4fb8-8dd6-3358ed63066b,0
ab7f3262-36b2-4be1-8c5e-ceb8fac225ca,0
0015bbde-65fb-4c41-a52c-b03d07cab5af,0
3925a207-afee-421d-88d0-adcad06395c0,0
4ef66de5-8d20-4d8b-a2a8-f630fc0220fc,0
c34b1d2c-8030-4921-b43b-8002d7c89c6e,0
674ae5c0-c126-4b9f-a96e-131d7131b613,0
550697e9-7493-49f6-a914-e0663a586bc4,0
832345ed-8256-4111-8de2-c7780612393e,0
b1a35c8c-44f8-4042-be54-066d17208a9d,1
a417bb71-87ac-4944-90e1-45b57bc693c4,1
e5b46188-84ea-49fb-a026-2c2754254c1d,1
ac862658-1216-4272-bc2f-9ea0c0df750a,0
6b7543f9-9216-453e-9dfd-7d661b815d91,1
ab3488df-e01f-48d6-8ba1-49eec8e5544c,0
b2e38740-df12-4abd-b856-a9cc738461f0,1
43061b5f-6345-4ce6-a8f1-311d96574a9b,0
c25a2d19-3240-49ce-b787-3e48f9703802,0
e0ffa98d-b945-4d55-8981-b8e1bed40ad7,0
ee491c3a-3845-4836-a68a-e129592e312f,0
4ea01a96-0045-4f8d-96ea-7efc6eeb6aaa,1
0c124cfc-e0a6-46b1-a497-3ced49599cc4,0
6503bfdd-ec57-4848-b1b1-60d63ac18c96,0
a2c4a7ff-88c0-4ec7-8dd7-0012b3e43707,0
d3a7de34-6439-4bda-9a6a-49051edc0551,0
e7e2ad65-474d-47ec-9468-0403f335cb94,0
31b74ccb-e7c0-499b-8e29-12086ea0bdbc,0
72cdb7cf-16e7-4158-9312-50cdf358e967,0
3e06e55d-8da5-4141-a356-e7a9aab61519,0
9ab227f5-c9ed-4f66-be40-4cb76fc27c15,0
cd554a23-ad94-4012-bd98-e31fa3813f82,0
e6ee3a87-2ce6-4bf1-8d86-b5474070364c,0
8e32f45c-ef40-43f3-9c78-94122bb053c3,1
773a5537-645d-4eca-a74e-2e6703b213f2,1
082981e5-9880-4c27-a0ae-86fa62e54b64,0
87980dae-431d-4ef3-8c91-99aab1d2cd5c,0
83befa29-8221-434d-a4a5-83ea27c4c27a,1
f22e03db-22fa-4b7a-b372-86f7c8e73242,0
f500e950-b86f-4dc0-9fa4-7a1317f4ffa9,0
81dae6ff-4532-4a2c-b350-5e558bd13802,0
4adee497-3ffb-426a-972a-c86b2b9e0c51,0
5b02b155-9e49-4567-a672-fb31ef64c320,1
9bfc832d-5388-406a-99a8-2a9c9d5785a3,0
b1e9a42f-9a6d-4e0d-b281-6d1cb908d013,0
606445fa-4f95-4e75-bf3d-51bf280b3411,0
096c16ed-10b9-4e22-8193-6592e6e00ed7,0
22b2e207-6274-4086-b303-4fc39130e0d0,1
7ba9aca7-780c-4dd5-9c38-be3678a9781b,0
40ca61ed-1048-46fe-865b-3664f31dce74,0
eaaa4405-1eff-4014-a173-9ce9bb0de50c,0
60f7e28f-3bf5-47e6-b691-c648586aaa53,0
562dca97-f428-426c-876e-dfd38c9d81f8,1
234f696d-fe85-482c-a2e0-0aae9b2cfbb7,0
6e2912d9-064b-4d09-aa24-7bcec6c5e5a6,0
91518934-eea5-42eb-ae67-6835638055c2,1
427200c1-e9c9-410f-94f5-c4ce6774db7f,1
5546d5f1-d003-4a92-a643-86752bf78cca,0
d9281c19-b726-469a-a425-395b753ef81c,0
fd83bcf5-ea2c-4a7a-b90d-4702364e70ec,0
6a65c016-174f-47b8-bc4d-375cbf25d446,0
d183919a-c00b-4849-af6e-d09114582a87,0
fa93f112-6ea1-4643-8dbf-f05acbeb6519,0
79c2254c-b2d1-4fe4-9c01-dbb78ff28f1f,0
e0859c92-c7fc-424e-89dd-6322751a51e0,1
215684ea-072d-4554-b35a-f06bbdd8b118,0
09dfccb1-d178-4365-8360-282616311c88,0
a5c3cb6b-3b0a-44c2-a315-052fc094e239,0
85bc37fe-cf2f-46bf-b1c0-90113ce85e9c,0
6ad72007-24f7-49e1-8305-96b672203e3a,1
4561c879-3963-4199-ba2f-f77498ec6048,0
b16da93b-0933-4cca-9c36-e72ab7534419,0
92635c88-102d-4d7e-802f-def332850eba,0
45b23829-36a8-4917-bca8-48b4980783a5,1
2aa7cfba-b9a8-44d5-aecd-16ca07c4a298,0
3285d5a6-8c4e-4daf-8207-0bd3fac49dd9,1
eecaf07c-1754-4f0f-88b3-e0f05e0d3d3f,0
056add64-da11-4960-92ec-7b864a1db008,0
0fac2709-152a-4e25-8637-28e62d1a1692,0
1291b9b0-53f3-41ec-b390-17a6d5decd33,1
8444105b-35aa-405b-bf42-32fff5cf2e04,1
7580664b-5184-4d2e-a6bd-bd3e5c586bac,0
589d088b-e559-43d5-8967-0c35eb08faa5,1
ffb2671b-755e-4f6e-adaa-6757d1a6da4b,0
a13e0d97-f042-48b1-afde-d05298178461,0
351a91a9-1a82-42ee-baad-c98353cd1d8a,0
792bff8a-c7e0-48f7-a8db-537b9162335b,0
af0246c2-49e5-4859-ad2f-48fae1d4d2f0,1
b15cdd2c-ac48-4e89-9a53-da5505c72916,0
c4838e30-6770-4fe7-bce7-f3259189a156,0
fb942473-529d-40e8-84d6-9c2a64a130f4,0
2bc7e10f-5107-4665-a402-75f5046f0840,1
c16a78e5-609b-4bab-8401-82d0951dc921,0
32613938-b84e-4f81-aba4-75fd06e0177a,0
5d1fcb0a-08ef-41a9-874b-215887e8c0b9,1
2216ef85-ab5d-4739-a69b-c17d6ac9725e,0
421372c7-87f2-497c-8bce-0ba62f55a696,1
28fb8d49-519a-4a15-b7ee-807adc0370fc,0
acf05194-597b-4ea1-9bfd-0ff2a4a527b2,1
9d42418d-615e-4cd6-a497-6c22b8689025,1
d6e13408-dff7-4c3e-8980-9b71dacd9caa,0
26e76c0f-4cdf-4536-8aad-a647356bb1a6,1
9bc8c3d9-5dd8-4594-b442-9a8f83784be5,1
8b99a06d-fd86-44ca-9b4c-3c02ff7673fe,1
e55ae153-8dba-48b0-972b-833faf0d464d,0
2153895e-a8f7-4cdf-883f-b3e091f07d72,0
ce2b3e91-e440-4a5a-a9df-7bf70eb0b4d4,0
b7643f9d-6d84-4df6-877e-7e4b15e5d2cd,0
edf3321d-ce8d-4601-bb4b-5b4725039384,0
4a73f6a0-437c-4e87-a27e-b86375f5ece9,1
e9556a12-e0b1-4f26-b917-28f521dee460,0
e0cfe3df-f56a-4602-8004-08089d7de424,0
5ca93039-4179-40dd-8851-4fe79f60d221,1
32033103-b9b1-467c-9f8c-5d861a8432fd,1
27587c07-4f78-4e33-8618-2fe406de6f87,1
c82127a6-2f87-43aa-93c9-2c2064a517d5,1
6cb53aff-e262-41b7-a61e-d04fa63955ad,1
69b6a8ae-2aad-43ae-a029-d50e10e9ac05,0
eb709e94-7d49-44c6-a641-632fea1652e0,0
2bb29fda-03f5-4b23-82ba-b95bd899bb9c,1
bf5f7930-e9b1-4527-9ee5-f83629d82d94,1
2f750162-e5b3-4a60-91b7-870c695bc534,0
cba05428-2615-43a5-9da4-cb151a162385,0
2c620c5b-62c1-4404-94ad-a665f8f0f2d7,1
79ba4727-815d-4197-82d3-0e1c5c4d002c,0
1f94be50-192c-4faf-9a1f-0e1f738bafb4,0
d066cedc-a010-47a2-9abe-337cfc2a10a2,0
4801dfe2-58a6-4e22-9be3-8aa80201c228,0
a6497c41-7a39-4df5-a1f8-9269a6136303,0
a42cce7f-85c5-438e-a2e0-0d625568942b,0
14340750-2b30-402e-9ebc-45408f3e2dbd,0
f8e0b891-cc8e-4c7d-b402-cfe50fee94b7,0
77e79ce7-a7b2-4a91-b570-8af8c175b465,1
170ba7fb-a393-4405-ba35-1a872d7c475e,0
ddb92c21-ebe0-42c2-931c-445f30ec432e,1
f670e0de-ae89-4be6-a664-7f7afeef0319,0
d8171f4d-e922-45db-94f8-6b81eb5ca80c,0
b30c9a91-a587-4166-8ab0-6eb525bb9829,0
59103eed-a249-4361-9dec-9e5549add281,1
eb2a0477-6d3d-4b7e-9060-bfc4db00b797,1
d731c4ea-0d33-430f-87d1-585d224ab9d7,1
5ba8da86-fa96-4dee-95ed-c83d571fca69,1
777fcbf4-583d-436e-8b6a-e9b09d7fcda5,1
f380cf6f-b7c3-4fa4-b9d1-b9feb338cd81,1
80d19053-9d4a-44e8-ae0b-c6e08b7311d5,0
1459e0b0-a98a-49b9-b92b-b81b0831f153,0
80e68d7a-fa4a-4a91-a8a5-3ee71c2e229b,0
9bda9446-4f4d-44c6-84eb-96e284e56896,0
8a49c321-5b3b-4398-84eb-90f5596c863a,0
ad37ae3d-b818-4d45-af17-35a1fdc4105f,0
d1000743-cb61-44bb-961d-5c257bd9f7a4,0
fdd75878-0eb6-41f3-80b2-e2897757af02,0
e736fe93-2478-4a45-a30b-faf37459142d,1
60a35c9f-d15d-4fa4-991a-9c6b2c20ff99,0
7e452e3c-e5f9-49a6-87d7-30c3c6bd2321,0
beefa486-ff9a-44c4-96d4-6439e2aa1f60,0
4d73725a-0d39-4c37-bd4a-ae8dadc2c007,0
a28a1f69-4d52-4c6b-a4fb-27242ebaa959,1
03e07bf6-3e8b-4285-8a90-16efc4260470,0
8c2a5e7c-3c92-48ab-9aa7-c7316d6b0187,1
6a522fe0-8b11-45f6-a8c3-5e207c2599d0,0
541eec20-4f8d-4205-9234-c6b2554d393e,1
0a3419b2-c4ee-4b00-a8ee-7d619be6dab5,0
1f658fa9-92a5-4039-a818-1716429f1c0f,0
4a0ee3c1-856b-4e1c-a328-459c59277eac,0
3af53093-5f9c-4334-bb8a-127af2e94bc7,0
1a272833-2c9b-45a0-a109-99c5fc42875d,0
ae13be6f-9bb2-4aa5-a3c0-a4ae5d67b194,0
2c3f3792-e595-43ce-a5ec-e5ec2fc9ec3d,0
0d76c9ea-2204-478c-9dfa-463d1a996747,0
bbfdd7d0-3f5d-457d-882a-54de4cd89ab9,0
307cd441-3ab9-42ab-a180-3afb408e1354,1
885401a8-0f71-49fb-a28c-53a39a7d9a3c,1
e0a29356-5e60-44df-bafa-1884e3c921a3,0
4192bfc0-0dc6-4a9d-8179-2ec2e27fee8c,0
9c6cadda-3012-4caf-8f62-22d7d66e643a,0
e46c7024-f174-4b25-8b3a-dd08d9829c64,0
12d24cde-14b3-49f1-b792-639c8f790709,1
def232cd-be43-41c2-957f-b2b13547b469,0
7fd80984-8331-4579-99a3-db00702b6297,0
b7d98ced-ac11-4ce6-93d4-cca2a0be0af1,0
cc69b92f-0235-407b-8f80-7dbbff1a1712,1
93f3bfe4-b35c-4462-a4e8-67eb35c85510,1
84fe6213-b916-4b51-b446-85a71ffa4dab,0
09c647e4-0f91-4b17-9d2a-5f1223ce4fbc,0
345e5dca-c483-45b6-aa2c-300452b95822,1
5bf4325e-b16d-4a53-b2d2-831020a7cf29,0
2bee5f7e-f960-43d4-9fb8-5388004ab813,0
28fa4c2d-865f-40b8-9c97-77f83d9c80b1,0
dc80b277-ddfd-40f1-91e6-34040d23dc9a,1
981e780b-85bd-4032-bd32-519dac2ba679,1
5af2fc58-f022-45f0-9f42-00669085dfd8,1
26fa60b8-52a9-4bba-8fa4-4e07598b8bed,1
19f60abb-4b76-4f85-854b-119cc56d1fd0,1
5c88b7bc-b640-4e62-bf5f-c518f0ff72d8,1
86c3bd09-bd1d-4771-a0c7-7005e1e106f3,0
7ad827ae-418c-4193-9c8c-9872ecf63601,0
48582ac6-cdc1-4c04-8bc7-a4f9248f2081,0
fb71e6bb-c42a-48f2-bbff-91f47d025a31,1
488e6ab2-9e99-4f7c-a3bb-5e7d5882b29d,1
e4694b3b-5a05-4d67-ab34-76d0eb60f283,0
f6980179-d1da-437e-9bcb-923d6552701d,0
4eb97519-b73c-4594-bf58-89edb3c23be6,1
6885bfbf-af4e-494e-bce5-9aaeb2c79ab3,0
a39e4c7e-6445-4d05-9b59-10fc13d85652,1
38ded06f-7df5-4d36-8078-12499935451a,1
b1d5274e-aba1-492f-bb42-bc6352e6b6a1,0
637b199c-5ea3-4143-bf1c-a5622b32e97f,0
045f4a89-a472-4dc4-8b2b-9d7966d31157,0
304d854a-e34a-4d76-b344-8de927425f2e,1
d14a37fd-8305-4d06-b607-c6615b13a3c5,0
f650f127-63c2-4106-b53a-74465b88ebf1,1
a6aa1463-66d0-4776-bf27-4db0dfb9bc05,1
cbe29b58-c502-4097-8a9e-64d4418016c9,0
7d9a907e-067f-4c87-8696-c5cc2e263b9d,0
9c5fc819-4dbf-4bbd-a282-7c610fa8839a,0
ec460732-c591-4feb-a12e-6b2935034913,0
4fd19617-dad6-43b0-8672-26e990951a26,0
3a0b0686-2314-4f5f-b280-fdeebda33ebd,1
aa78e79d-fcae-420b-a019-7aabaef87c28,1
817a8a12-96e2-4834-a5d5-bd4452655adc,0
55347df0-8410-4bfe-a1a1-74a141d141de,1
d872a832-3916-46c7-a4e8-dfe7b469abf7,0
9c5c4f5d-a472-4339-a503-e9adfe905341,1
f68c2b5c-3831-4c64-8d15-cbb778ccf8c2,0
72d883f3-7617-4293-98bf-a20b87066d93,0
dd6e0f1b-990e-4f77-95af-2639bb1ee704,0
f3a1d3ed-d71a-496a-be1a-1fbb89fefcd8,0
84fa7e0d-2a47-461d-bc1d-94397fcd6759,1
2c2a5294-79e0-4f4a-8437-0c375654021e,1
7a50fcb8-15f3-43ed-855f-3c3929fd3ef9,0
46dd0dce-ce5f-425f-b44d-9031cad936ef,0
27f3b883-77d1-4436-b230-d9e9e7cd1705,1
a0e2ea38-6c01-45b7-8434-6f209775b4d2,0
1e6560b0-f0de-4917-b732-7a449a931295,0
9abf1429-2827-49a1-ad49-06a2ac3bf215,0
fafd9537-1cb7-4b3f-82c6-80eeddee4468,0
2ccde90e-649e-4ba8-829e-4a84fdaab7dc,0
c007f87f-68f6-476f-8db0-7620d73d588f,0
14250587-ad9f-4ea2-a415-55380cf9f9e1,1
f078a881-ae5d-4f76-9d50-d1f359263fd9,0
88439794-ee0a-4204-980f-8eecd95743e4,1
67ec3381-a2b8-4c74-aa40-dd882998f97b,0
be719811-7ecb-4a17-9ab3-0c9e60239e70,0
43fab11a-2f94-4c47-ab59-7b04dcf88d47,0
30cdff4d-deec-4575-95e2-1a21bfcfd468,0
7691fbc7-8c3d-4793-8ddc-677451559531,0
cd31d94b-bf4e-4691-8f2b-933797b5fbac,0
ef40317d-6a14-4786-94cf-aaa4f753da2d,1
70dee049-8546-47f7-809d-fe86be3641d4,0
24472300-3ae8-47b9-b4d8-4cdfdf888242,0
0b2d6f04-b26f-4349-83ea-099cb55992e0,1
4fb25906-80bb-467f-a891-78aff570601a,0
b99fd890-0377-4721-8596-6a75a7346f26,0
605fa246-0ee8-4d90-9036-2093236ef1c0,0
b03a8db7-e734-402b-b2bf-31753c31e581,0
922bb907-2a3f-430c-8cca-1a9d234456cc,0
a9ed99a9-f9ab-4568-beb2-6ed32a041190,1
cc8b453e-2950-412d-8bf3-fc2bf2dffbb3,1
1cd17d1c-c853-46f5-9adc-466eb6f8fbfb,0
ea038f5a-bd8b-485b-8ab2-5d77836f2647,1
cb5de658-7708-4c4a-a112-e859e7c40d26,0
336dc219-c2ff-4057-9d35-daa8fa01cd7b,0
5442d55f-83d6-4c86-9a5d-36b74faa02a2,0
ffa5229e-1d1b-4a9e-a0d7-0495419a3308,0
7ec4707e-ad4b-41fc-934e-25f496667daf,0
735cc4b0-e00b-4057-bb9e-bedf2cbf226e,0
6fe6e1fe-6a0e-4b63-929d-f1cc81d253a9,0
8bf24499-6c12-402e-826d-a35e3caf200f,1
7b6ffeb9-ad21-4a65-bf3c-a0c9bb594c72,1
6ac27175-87ca-4066-946e-6c0ed2d40f26,0
0e89684b-82aa-4098-9b30-6c004cc59755,1
42394d5b-013c-4c6f-8440-dee9861c1aa2,0
9b9e415c-85cb-43cb-b98c-1eaadecfd72e,0
0e70720b-5305-4aea-8d82-1fa50d6eafc8,0
be1cc0d1-4686-41c8-b292-8c6678132e78,0
f1d77077-00a7-4aea-8dfe-a36895bd4aac,0
41532e44-2010-4867-9a66-e5887c852ccf,0
52c0bcbf-792d-4f0d-89a0-01db529d6e12,0
7ef01822-bef9-4801-9ce9-2f7dfb0427d6,0
86320008-d889-4fcd-a263-57d5689a08ba,1
70cfea7c-2200-4566-bd5c-30fefe16442f,0
ae516229-fcde-4fcc-874e-37e36547057b,1
ce3d5a79-2d0e-4640-aeb2-a8895c5c8cb2,1
047700bb-ecf3-4a77-beb2-aa1bee3be4fe,0
82236c2c-c667-43f7-91a1-6b4c90b76884,0
080ef6db-d386-4487-92e9-cdb10afd4005,0
1d604771-188d-4b54-a8eb-c08d0eab1f23,0
726d003a-ef9d-41cb-992b-523168ee6fb7,0
9ef8e6c1-a3f0-47dc-bf58-dc44f3ee2f7d,0
95b06b87-5fe3-49b3-be1e-f1dda562f97e,0
8535f911-a5b4-4cb6-b771-49cc2058a57b,0
2f2a6504-f27e-402f-9584-bf2221ccef06,0
8c8f2ba4-0793-4fa2-bc8c-d344197abc54,0
b2fae4b8-9832-43f0-9629-f040475cc57f,0
c8f47340-c65f-4ac8-8eca-74ac33fde5b7,1
64caa0b0-9d99-4612-9773-1be8678fd0b2,0
79ea94f6-8816-491a-9c8a-b42aa3ccf6fe,0
878a7721-8e15-404e-b136-dbb6998d6115,0
5785fb5a-94ea-4c6d-8186-e5706026d765,1
2def48d9-c914-4ab9-b1ec-929ba7afeeea,1
8848070f-f66e-45bd-89ea-30202cfc2eaf,1
9a28915b-3882-4c46-a4ce-cae683560c1c,1
a64c8e2d-cfeb-43dd-873b-6dd8bd6bf9fb,1
7dc01fbb-8c32-4463-bb07-0d6b1c31a221,0
3108e1aa-c571-4619-86e4-49169f30b93f,0
7c8d62f3-bdf0-4752-878a-5f3df6bcd408,0
beb1a0c2-55e1-4f30-85da-3f8e2ec6e4b9,1
bfb90ce0-60dd-4ed3-9234-a868a15e000a,0
ef048991-f9d1-4987-b5ca-7dd414ac46d7,1
ff3207d5-ff54-4d48-89c6-83d872d02d6f,1
ffa79b7f-e633-439c-93cf-3d1bd5abb562,1
20334b33-5a3e-46e2-8896-5008c9af1bfa,0
32fa43a5-7007-46f0-a355-7074a12100c0,0
d3d5b397-5a48-4090-9b61-7a2d5aff114f,0
4d2bbc30-0a22-4a2d-b784-16501b537956,1
3a8de7db-cf29-4e78-a336-6708a42cb39e,0
4428595d-9aba-4034-ab63-5451c2841fdc,0
6704b480-60c0-4d50-b2dc-46eea85f937e,1
c113fc86-881b-4e05-8508-c8c6c7d3d899,1
f898ddf5-597e-46bf-927b-1c4b9d65110d,0
65825796-ff41-4da4-a325-6f9f6b07b2a9,0
e9811652-406a-4d93-bcf2-ffbed56d2e7c,0
ff31e9a0-94c0-479b-8ed3-8153b34c71e3,0
24768d62-19fb-4f87-bac7-b58f96957a9d,0
a2f62562-9134-403c-9f28-d3603ceaeff2,0
5379154b-eb72-48b2-8bec-56c25919c5b1,0
cd5b8d4f-d7a4-4f99-b2c9-2e4fa9d6a5ea,0
2cb86377-7bdc-465a-8257-e9dee1a03d81,0
811d7c14-a96a-425d-8173-06e5e323aaa7,0
6220cfb5-f842-4e22-a396-b37922818fbd,1
5b1c15ee-751d-4632-8ce9-31e23f35e2de,0
b087766d-9fb0-4aab-b557-3bb455aa100c,0
91da39e6-ee96-4b09-8e1f-43330b2be12b,0
631db397-05f8-4288-9154-97367ed7da43,0
967d2576-b120-4265-8040-6a9d04612504,0
4bd143c9-af72-4628-b9c2-fe1efba55554,1
b0d2d9bd-ace4-40f1-aa24-1e7d8d8c76bc,0
0a78a47b-57f8-4e90-a1d1-eaa327296fc9,0
c3a198fc-5df9-40d6-9978-c169338864f5,0
3af5c1f2-57aa-4a83-a912-b82b54d2a374,0
840d9eea-c4ec-4d0d-a517-65ed9d9b38f2,1
6b91eb74-e629-4f7f-aa1f-6021423c68bb,0
fa74941f-3373-4548-b0e3-6a468985a72e,1
7820bb0c-1f05-4543-af95-414415b92aa7,0
42f0b086-f23e-4dbf-bd2e-f334e1a27cc1,0
07c08cdb-e32b-4068-bb73-a69581610f8c,0
2c274044-2299-4267-bd1f-d41e91daea32,0
28b6b567-d77f-45a7-a926-dcf12918a5e1,1
09164a61-65c9-4d11-97d9-0e3ca7689267,0
e0b7159e-46f7-4b58-951e-16943afd8b04,1
25765b0b-c230-4195-93db-66dfed9cc008,1
e7a5021c-5667-4489-b9fe-dd95118bf392,1
ad23f4c1-aadf-44a2-bc64-203db786d232,0
aee9561e-525d-45b7-b585-2cdb9ef7d79f,1
5e8b6a47-d53c-4111-83a9-1b77b01a8028,1
eb363812-157b-4664-b75a-7174ce032cce,1
3d75ca62-9f0e-44b0-9b88-99a034fdf2f8,1
b948e932-56e3-4f2e-b314-5a886840d8c2,0
cae9be22-4ea5-4d8b-9a86-17e9dcbd6fcb,1
6d0eae4d-7676-4d4c-9fa8-dea5ba6fe81d,1
5b6357b3-fc50-4411-b132-249405672c85,1
cf3e2c0a-9ae3-4ca8-9230-ffcb72a5a72d,0
751c640e-4c51-453f-a609-99603397ee2f,1
d788587b-9719-4068-89cc-5d50a566af4d,1
f1a8981a-dbed-4fe5-a672-cbb28d5282c8,0
246d84d5-a327-4ca3-8ee8-ecad5e727812,0
7a2275b0-13be-40a6-ad7c-337c483176f0,0
1870cfa2-136e-4809-9b5c-20f95cb8cbe1,1
5ec74cb3-72fc-4619-8251-ea3c0c1b535e,0
570029d9-333a-4df6-9bab-1b4d08611b7f,0
c2660ab8-8b71-48ec-8672-353c0b80cafd,0
a17ca57b-3f87-46eb-af76-8bee903ae5e9,0
5930d5b1-c3da-46de-88b2-ddd5b80e446e,1
99a5a91b-4f1a-4b4e-9eed-0d98e9a13bc6,0
d6596f66-2b21-4bff-9d4e-dacf43799bc8,1
8ef9ac9f-20ed-4bf8-81e4-f8f04d336e24,0
1a3f511b-aed9-44f2-b6d5-76593c67b095,0
2c07c054-fd7a-45e3-a301-326b5d66f7d8,1
0516b09d-b835-4c00-999d-032843b9d453,1
6a525c20-4a07-44d3-bbf5-6bf754e33845,0
0a592867-8b52-485b-b6d7-4ed7b754c007,0
1e232841-a223-4fd6-b367-94f37c8c7840,0
34e82a82-a6a4-4f9a-82d6-c0609caadc8e,0
74e41df0-472d-41e2-928c-eeff8c185bd5,0
1dec4ea7-0b46-4be0-a23c-c4ebbfbc23c7,0
bb9a9484-ee7c-4215-b6a4-ccca48ba0bd6,0
211df29b-6bc1-45e0-b5ad-bc772d89881b,0
0e3a5fa4-46c8-44c5-8cf1-28c37d1e3bbd,0
c0ca5f65-5f16-47a0-8ae0-296084fe0ec8,1
d0b28970-32ed-4415-b62c-e0b65d85c691,0
66a080ff-3cb2-492f-836d-1638f393fad5,1
fb63dcd4-ef6a-47ac-9d69-6586cbefe9fc,1
9bd154cb-d166-4e92-ba3f-ea18105f6da0,0
e4c2a8ae-ccd3-48ef-a18f-17a3d4ab1db5,0
e594b398-0402-4607-b601-838562231e5d,0
4daf57c6-57db-409c-9fbc-0ebc94c3faff,1
42a6d159-61da-4e10-ab34-7edf0e087450,0
1b64afc4-8f19-4286-9ea8-de471379697f,0
2923224a-1f5a-4f35-93e5-8f4a78612772,0
051bda46-faaa-4e68-9d1a-ff1fffe79908,0
e09a18fb-03a5-4219-9ef8-89079795d939,0
8a2d37bb-a753-4325-b8cf-e2a6a5359f89,1
af6e2e96-a8dd-43d2-9ad3-3652cf990194,1
c0033a00-1705-4160-86f1-6837b68ccc64,0
b8054c23-c183-4fd8-9244-8af3eeadfbbe,1
f44317ef-a059-4c53-a142-757e0301bc0a,1
b6c6c924-0bbf-4fd1-afce-bd4749f3b5cc,0
4f77a354-8b26-4156-9bf5-27e5e2493dd5,0
a00d696f-2ef5-4f3f-919e-4bd444f8faca,0
797c31ea-2f65-474a-818c-f767a44b33f7,1
e90455e1-f4d7-4514-ad21-a3f216b51322,0
3e4cae1e-dd83-4ec9-9edb-05e3b0911005,1
489a3732-216e-4f0e-ac8b-68cfd8a8ac36,0
6369ee9e-2183-418b-87d9-e07fc553f715,1
e33feeba-ec0c-4cdb-87ce-520162052016,0
a0a565a3-8010-483a-a82b-9791547ae45e,0
3c2d1742-f1ab-43b6-9b75-4bdf79793858,1
cc8fd76c-14af-4e86-a017-934b2c878896,0
6809f5a1-70b1-4e30-a12c-d4fb150c4f85,0
fe4be0f6-f614-4664-8d78-ad9d4d8941ec,1
20f1806a-c22b-4f19-a421-89630a6da8ce,1
daddf489-a1a8-44c6-9c3c-8e8143584447,0
cf80fbdf-2d31-403c-aed1-b78eccfa7227,1
2242fd9b-1d5c-49de-a403-c5b8cad81359,1
059f265d-7f4a-4bcf-bd8f-003ca6896b52,1
8d3dd776-8c77-4edb-881f-ce82e4de4c80,1
de18e657-4fa6-4f37-8314-8c165f55e468,0
8a9e4625-7095-4e8e-853a-62885e673e76,1
741b054c-dff1-4f2c-b533-ca574e8ac4f2,1
2fdd538b-d544-4d7a-a373-7ca0e067558e,1
1b964912-9cce-4b12-837b-a767368fc54b,0
5ba9e04d-23c9-471c-bc78-1a28d61c3062,0
adec835b-ba65-407d-b69d-108751e47710,0
5648cb4e-aa00-4214-b25b-30ba0149c813,1
50b871e5-c309-4755-87c6-09a2f9524003,0
e5060285-f2cf-4004-8bdc-955d4c740a0f,1
45c7e19d-9ae1-485c-863e-cc176da88fcc,1
14639e09-9016-4429-a8ca-56afa513c70f,0
b950972e-dbbc-4b5a-8423-3d8d785fdd6a,0
20965dea-ebfc-4f5c-854a-c181684064d1,0
a3947466-6933-4a9e-ac84-f5d831f8a89f,0
2c04a75c-4ce5-4848-bab3-8a1510a4c9f3,0
c85a5210-1112-473b-8850-94e8085718cf,0
cf14e471-1319-4d4f-96d5-815d35842d81,1
509bff7a-a75a-49a2-9074-497f1a248b98,0
7ea3a591-4e92-4f0d-b14b-3099f2d5cd81,0
1d2a5422-754d-4f8b-921e-b4918951ccd3,1
21edb933-ab06-435e-83cd-434a99a53c7a,1
caf6cd27-0d63-4618-9571-d1e05f529359,1
a235c7be-cb24-4aeb-afe5-c1d14cb85e17,0
92013915-6b5b-4e00-a2d6-1d8f70689d30,0
c02c89f4-f07b-43e6-b57a-fae2330d8f1d,1
a09b07e3-6974-415b-b04f-f68b9d2888da,1
566c8eae-ef44-4a5a-bfb0-ee03e2cf8e93,1
dc54ff9f-ae2d-4dca-9708-e0f7e219a701,0
8ff4a327-2b3a-4f9d-add9-719997ce3f10,0
f3131fa8-e48d-4289-bef9-97898464a161,0
80a877ba-f088-4f9b-9f0e-1fe33f40b41b,0
eab92b60-0067-4d62-9c87-86d5da6b08c6,1
f6bc8b0b-84ee-4b22-993f-3f250a8f7352,0
b822edde-2ff1-41c6-8ec9-2bc7f780efcb,0
886ab21d-f061-410c-a569-1fb78964c540,0
80768662-78d6-40c6-81f3-2d0ec61c0892,1
1d8931bf-59ef-49eb-b838-ebdb74642f49,0
b302be7b-a5ba-462f-8bfd-86079f8ce920,1
de4e58c4-41f7-4e0f-9ecf-65a74a97c85b,0
23247020-9420-449c-aaac-2eb990bb8351,0
4419cced-745c-493a-9b53-e4f91cbfa0e3,0
e5561b90-b90e-451f-aff1-749eccca3f1b,1
809461d0-0a64-433d-9a67-85417d0f3819,0
6eddd41c-f645-4a28-8c38-f2d9241f12ac,1
d03c5544-3093-4f36-a073-cfede36e0306,0
8a4836be-8118-4416-bfcd-4fe48877c681,0
00d36949-e016-4d99-b92f-ec5724e00fad,0
eb3c8e8b-d900-4131-a085-7f0779775ec6,1
5fe14342-0411-4e00-9387-b2343a3576eb,0
8415485f-73a2-43c0-9952-218eab3d34cf,0
fcec3c28-b96f-405a-bd65-c212e5776297,1
bedc2243-ac94-431d-9a6f-6931f3f38ae3,0
af24821f-cfd7-48d2-a67b-59ca5247e201,0
639ee7cd-b186-438e-b395-41d0dbf751e4,0
ee8ca04f-be37-4fd9-94d7-0939bdc6e7f1,0
e7f77787-eec6-40f2-af2f-9d73d0511acc,0
6326f84f-4efa-498b-83b3-7bdbec24a3ce,0
e573f69d-feb7-4907-a887-aaf232dce970,0
88f293b4-54e1-4bcd-a8e2-933b34c870f0,0
1c437934-d211-4e3b-8aba-b753f4290c08,1
f15cd653-7b07-43b2-a78e-8ac75002dd89,1
78c05452-01d4-41fb-9f03-71d3eb490a9b,1
715d59dd-f1f7-427d-b3fd-505e481e5ec9,0
a2fdb717-4e78-41c1-8d5a-0363bf9e1eb7,0
b3faa3a0-36eb-4338-921c-674810393ce0,1
71b2ea61-ede3-4048-826c-571daaa0a896,0
da453892-4fca-4fb2-9e58-59fcb8eba926,0
e4142c3f-3c92-41ee-b166-1ae4b211130b,0
40af7080-09c0-4b3a-9334-bf7e1136c0d2,0
f7a6ca55-ab1f-457b-a62b-8a43eeceaf55,0
e1d1ed9e-774f-478a-9f63-e7d842950641,0
ff930399-4cf0-4b26-a386-867d5a865b3f,1
1a724fab-15ce-45db-ba89-5bb7a6eabe5e,0
f51d66f9-044d-4fcb-a8f9-bdc572d54a81,1
ee298e5c-5622-46ce-96da-86cda1357a26,1
1aba205b-ec62-4db7-8e53-76a19e9142d5,0
3f6a8601-e42b-4fba-8fea-49d2ed9412e9,1
b2d44888-0f5a-4bb3-9b07-6b42351f0f18,1
e0e3f5c3-d46f-48f2-8767-a74f92c05054,0
f06f1c6a-4bdf-4c8e-a511-0681d8a1c4a1,0
1b327ee7-42b0-425f-a08b-71edee517a14,1
cd6ce919-1e99-4e15-847a-f659bd461454,0
e4b5e308-a0d1-4842-b03c-a19d14fa7ebb,1
af0abd52-e832-489b-9c09-fa7faba4c187,0
825453e2-19bb-41d4-a18e-2ebedaae4b96,0
c75d93ef-371e-473a-b8a9-79c6f6a7494d,1
da5e101b-941b-4b6b-9150-a14894f432e7,0
53e0c3c0-5ed8-4c63-8178-cc63785b7d55,0
2c8c6836-e225-4d38-8393-429b18c98203,0
25890733-8395-4d12-b6d1-d7537e2c0d36,0
78209211-d432-48a3-b514-671c108c9abd,1
834e4241-fdd0-4051-a531-0cd1ae239464,0
2c5b8fd9-b274-416b-9a97-e90ec2a408ec,0
77e90f6b-1c22-4be4-81cc-45b899fe352c,0
70b8617c-5576-4ee2-b48a-b9fd7ca2e011,0
b306213c-ada1-4805-b2a7-4233f90af529,0
9f5282f6-d29f-4c0d-85cb-f54aa750b55c,0
5c441340-ba60-4d1c-8f82-1ebe6cb72f4e,1
b33cf0cd-364d-4bf6-a935-dd84887b5e8f,0
e3e22151-44d7-4cce-ac2f-304b0151afeb,0
dec8d2e8-20b8-4fad-baf0-04d36e740d6c,0
7089da45-0536-47f2-b9d0-47ebfd1ee0f9,0
dc90cdd1-eabc-482f-b32a-7290fe385adb,1
c8450d9d-d409-4471-81b7-be84820925b7,1
d8e731cc-39be-4a1a-b2b4-e282fc2565af,0
4a0ab16e-48ee-4b07-8cf0-37efd69760ff,1
436b8d9c-7065-4686-81d1-994c4062b790,1
d07e0271-8d16-4b82-9a7a-526d19e39c66,0
5474ecf9-c667-426d-ab17-adcf7d450f71,1
c07ab6dc-a317-4cf5-8ccc-680f626f1e3c,0
6d5c9433-e6c2-432d-8024-42f61b0f286f,0
77f42e10-fcbe-48a1-8556-7bd3ba4ceebf,1
c50df9f4-0a26-4f3c-9d04-14b77a493465,0
b78416c9-9e89-4e69-b6a5-44d33e1a7e8e,0
e7ef13a9-41a9-40b5-8f1a-4ea0b90f92de,0
cb3fef87-fea1-4bb8-a463-78a7848c6952,0
afcc4a83-3520-4613-8e12-2dd9724c99f0,0
25f2265b-7cfa-4213-adca-c633ba5dff01,0
be39ce5c-be15-4afb-a292-ead505858701,1
878e32dc-e928-4fee-b833-dbf15a80540a,0
f54d83ee-7824-44eb-8a2a-b81bc135c95f,1
4cb9b3b4-bb2d-46a9-a119-e59eee3dfa86,0
559e5204-734a-4e1f-bbe8-8fbe679eeb16,0
95ed79c6-e6d2-48cc-80f6-9b7fb379ae16,1
a467fabe-9721-4148-9468-3aac5cf178aa,0
be27c1fa-c00c-4cfa-8ab7-788c316ed440,0
02690767-cf5a-48ec-8fe1-47fb68af33c6,0
ad82a602-3283-41f7-ae17-67ad6e295a46,1
f8d48109-d59d-40c4-8692-ca2ab29f7264,1
9fcdbeb1-b990-4e23-ad3a-6860ff8355cc,0
adde692e-0579-4e07-92a0-0916c3bbb04b,0
3b01f69c-6e04-4c1a-a609-71781eb7b1b2,0
142d4756-40bb-4c2a-a9c9-f38ca27fee55,0
5ba645ca-7294-421b-8525-055aef59d85c,0
62611800-e192-443a-a5bb-c1fc4c3dd099,0
ba200b25-83a6-4051-a891-fe0b3f04c5d8,0
7af157c7-fd08-4804-acdf-db8a62b93072,0
24926052-2a22-4558-a71f-b920052a2d73,0
fa591f1f-e411-4796-bdbf-903dcd9f4efb,0
8b15eded-f0d0-4540-9b22-a35ce08313e2,0
4675c621-0eb3-4e80-8ab2-4524ac8a5320,0
48e946ac-3f20-4077-ab6b-62f9ad865891,1
97c98f47-4f7c-4ab4-b85d-5d5379735c6e,0
0c1add38-7dfe-4aeb-bc1a-71ecadd6c0d8,1
15ec547d-248d-4daa-9c95-e32fc4414c90,0
f6a60479-5ecc-4edc-9ee7-4751f8bc863b,0
3420935b-7f4c-488d-84c5-0c672640fc01,0
6e706d71-d1dc-452e-a9c7-4ffbacda1325,0
ff959e76-2858-4c13-aec1-ea23e05c144d,0
5ac1253f-c5ba-4bf6-ba7a-4b9c6663911f,0
7e3fdf1f-6785-4d1b-b56d-84db78ec1bfd,1
825b4da6-e229-41f7-8c6e-68c9bf9841d7,0
78829f32-8b9d-4227-98dd-31f63b72b48e,0
e66b7467-a6c7-4d09-806d-daec4019e7c1,0
fcdfc57b-74e5-45f2-8c01-e92b733e9e16,0
4a5a794c-46bb-4b9a-aae0-d4f6c48f2247,0
af6b0ead-bcdd-4339-9957-99c0e720d033,0
8a6adcb1-6e3e-4e4f-8333-789dda2b96e1,0
01792cc0-9c26-4029-b908-ee9ac6774fcb,0
c6faf611-0f80-4439-9692-cf4c578ea52d,0
cb049651-3dfb-40b1-94ad-5e031e065b86,1
aebb7cb1-017e-40e6-b3a9-e6a6bdca5bef,0
76c48f88-1ad6-420e-b7c0-8cdd3fd59e6d,0
ae1b39ad-1309-4b22-bb64-35120e86f5de,0
0057eb2a-cb6e-401b-b9a4-7fd7180bfd14,0
4aa3c3a3-a4cb-4fcd-9d55-f5d744f30754,0
e4902260-6a1a-45b0-a9b3-5e20bf425106,0
ab5b9c00-fdaf-4e7d-929c-9affbcae8837,0
97e49747-4c67-47b9-815e-09c51b5ba62a,1
9ba9793c-e623-4ec7-bede-a3b5ff547f46,0
83104fac-1194-4712-85aa-ebe720a03b8b,0
b7b97a40-301d-4c41-9271-bb18508a4ac2,0
2b4162e7-1dbb-44e2-9708-e5ac29bd6e16,0
e3e72795-bd59-4690-ac28-93e69933806c,0
edea1aa2-1d49-413b-ab9f-f259e056b3e1,1
2c6dd040-fb82-414a-8c95-0dfb599dcd70,1
7ad01609-713b-454a-ad3e-14f2f91750e6,0
f71bce65-a23c-486c-bde6-09797bf7d35f,0
6a440b83-09d7-437a-b071-ee014a42352d,0
0f361501-e68e-4231-8654-035eb03e74e2,1
15ed4364-aae2-4006-ad0a-a1f937da1a46,0
5727928c-274d-47db-874a-5b763abb21ca,0
2fe763c9-4d2e-46ea-8d21-4f26f5b925a4,0
804b8a15-66fa-42be-93be-80175e96cd88,0
4dd5ee8b-ae89-4cd7-8f3d-a5ca150d4bda,1
6a57f88f-c3f2-47e1-a73f-b54565b4cefa,0
e87397af-0f71-44e9-92a9-fe9b7dea46b8,0
527f382f-7ee6-4b09-abff-121fc810fe4c,0
517c19cd-28a4-4e0f-abd4-b72d1119e1d4,1
53c2cb7c-7a84-46ab-8349-1f9251f47c8d,0
04b35838-f5b6-414c-96a1-88b7d68ecd9e,1
3aa59553-f24d-4ffa-91e6-d52902bfffbf,0
33b77b2d-fab0-4c12-b21a-c5c744d7177d,0
d6d800bc-d97c-4b89-9190-3e9a001f38ba,0
bef2ddcb-0b21-443b-bf73-42c7cace68ca,1
dd9bd70b-393a-49bc-ae27-a34db4a43523,1
a5f97ac5-331d-4c7b-8ac9-e6f9052eeff2,0
091bcca0-7198-438c-9f49-b2b3fa45d376,0
ff3eb8ea-dbf4-43c8-9470-29fc82acb56c,0
62badce3-5b71-49b2-891b-790d13466ab8,0
e8c243e6-9604-475c-84b0-129a7e94a7a4,0
c8d37e0d-3cd6-4263-a484-5ed2b3d0055a,0
85a0aa68-7ac9-4b23-895c-0ea1479200f4,0
cee2f83c-c4d9-4432-a91f-d9d69c24c770,0
3c8abfd4-1363-4ba8-af1f-cd17a3393200,0
ddb2d772-0c1a-4e01-9a21-37cb568156a0,0
13b191d2-fb93-4b6a-a51b-78d5b2fa3460,0
dec7c257-e2a7-4fad-adf1-c711fa457363,0
8e457a20-d18c-46bf-91c5-043a1c34b49c,0
f697424d-3067-440b-af8c-962489631366,1
c933800d-c48b-495f-9bff-e747bf99510a,0
07f267a3-a525-4dd3-9311-b22c553381de,0
e45f6278-e5bb-4761-adfc-1ea54284d175,0
ff2051a5-0c0e-48cb-9afe-e1738e73496c,1
bd752b50-36d8-4714-b0a1-eaad30771295,0
69579570-00b4-4403-9454-f3f80ec32bb0,0
cd17f753-ec0f-4c45-8f1a-03373fbc76f5,1
4c83e2b3-059a-475d-a59a-6eb2871319a0,0
f616d805-84eb-4d4a-8b68-b79767920ee1,0
8ef115a8-9d6e-490e-90ea-189c72ef363a,1
415cd2dd-feff-4630-ae60-33733afec11f,1
f604dffd-acbf-4f19-96b5-2812af0b0490,0
d2f3176c-2a5f-42f5-8aa7-e609fdf87856,0
25fab52e-f3eb-4942-89b5-00bbe88b55d7,0
2fcae10b-aa97-48a1-a152-76ddbc6ac74a,1
96aae146-6d27-4db1-90ab-a93e84c4ebf6,0
73a09caa-c853-462b-b628-c45730786fe5,0
b4391c99-5d06-49cf-adbf-1ffdaa181d69,0
25e564d1-1b67-4ffb-9568-2543f9c6c093,0
c54e5c17-e29e-4270-868f-0f20a046577c,1
6c9b68dd-0494-40ab-8faf-cb4922f5ab0e,0
ae386319-7e81-400b-84d0-4ff3e41d8b95,0
0e66267f-836b-4c1b-a3cd-f08170e0ce80,0
106105bc-6613-4e1e-b2fe-15b3e7dd85c4,0
4cc17e1a-7b96-4e98-b682-bd13211212b6,0
c8fb6ab8-eea8-4ddc-8bc5-57b23db5a4dc,1
71deb0b9-71f6-4189-8529-a1ea71f6b2ab,1
e317adb7-7c76-4967-8dc8-a8dc732e0a51,0
a5e98ee3-2494-4ab1-be1b-dc69a71fd7b6,0
d8f1281c-525d-4d28-8631-4274c6f85063,0
9a2251a1-be52-4a16-a730-76172ae38cbf,0
69d536ce-2c30-455b-9fa0-88ee780ccf9b,1
6270d39e-40f7-4b0b-86a2-308ae029b665,0
c408659c-57f7-48cf-9bc5-0d044a07f290,1
9ce447f3-5724-41f4-9661-e441cba23613,1
1624069f-493d-4321-bd60-61de050367eb,0
bb42cfc3-294b-4d8f-bb04-7fe24299fde6,1
18d674e4-6131-498d-8beb-5186da6659a3,0
a2206ce2-1d64-4e00-a920-0fb52db7ee34,0
fe6e8e04-fa7e-4643-8ffb-e7925ac07426,0
a3f3f849-10b4-4b81-b236-7b5a46e8fb62,1
72f71ed4-4668-4534-9239-b6486ee324c0,0
164e6e4e-1b35-44ae-bfb4-64af0ebfc0cd,0
a196c4f6-0046-4540-9e4a-79063c4186c7,1
8e337755-6f23-4887-8927-7446f71cc650,0
ba75dce6-fc78-4edf-8689-823ca9136218,0
6a8e8f0c-c4a6-403d-8767-92e5780d62f1,0
06808425-6b56-4d38-9c33-15f29bf97cd6,0
7255fe66-2920-4a62-8799-b0e0b1f1995d,0
2c21c09d-e0dd-4bb9-9a15-27b0b66684f4,0
1bee0bb9-948f-42b2-a465-c2db3d0e8f91,0
d3729930-4ec8-4578-9682-90c0f28f6a3a,1
7d537d24-2de7-4f50-8f82-42fb702389c5,0
6d8a5b42-5057-4456-bdc1-7b251e821f77,1
08c6001b-7663-4244-ab9b-b8a37b96bc0e,1
e11ba7bc-0bf0-4add-8a47-4b65124e5d1e,0
d1fa4972-dfc6-482b-9b9c-2371ee11880e,0
53f4d3b3-c378-45a8-9817-68ac58c2e7ae,0
e4b61b63-7cc4-47ee-9aa3-ad5e6853810f,1
18940c57-9f5f-49d4-80cd-ac2317ffa5b3,0
f587593b-79f6-4ab4-8b50-a422198f87a3,0
af855afe-e06e-48da-9047-7f10d2cb8acf,0
428a1b4a-8587-4da0-85f5-7cc6f9c9e81b,0
cc7e7481-8bff-448c-977c-29ab9f84bc6e,0
5a389734-3547-4d1d-8c38-a2163b728260,0
41c0a2bf-7fa8-4ae1-a3fb-b41fd3244480,1
e06d5b6c-9507-46ac-8f8f-fdadf1510b1c,0
2d6dfd9a-a84f-47e2-b119-65fa4752b5f9,1
1efdfa0b-8694-4b14-beae-d8bf2fa21e19,0
acfc0d03-44d9-4963-ba61-572d6c5c6970,1
5c7cf512-14f8-41d6-b42b-096e30b1991c,0
913cc874-9438-4899-8335-8692e66ec9ed,0
73f1ebc9-b811-4cd2-ba1d-f44319fa6129,0
e4f8e12a-4c29-40ed-bf74-7a7b352cebb0,0
1bcbdb27-ba6d-4d54-9a23-22764b9ee8a5,0
c56a2c65-174f-491b-8485-fa10fbf46a35,1
0893e4b6-9770-4411-bc32-3fadee280d4b,1
db47443f-79a0-4f4b-b721-b70bb57fc894,0
4de33cfa-0c9c-4df0-85d3-5fd4e47db44b,0
050de6ad-946d-42e3-9ec9-2a80357f1ac5,0
f75f3281-32fb-4bd5-860d-bef4e0bc4244,1
96b508f8-41ab-42ee-b715-f2c238c9d122,1
01ab4203-5bc4-4e88-bd50-493637ce9cc6,1
e3b6cc6b-1e3d-43d0-b1fb-d3e8a39f4f28,1
91d3f607-4085-4852-bc42-2011926e7534,0
629c2187-a099-4e89-b3bf-3db545bfdba2,1
95524c28-41ab-4841-8186-6fb1e1ed7014,0
8f9db414-a1bf-4067-8298-ae9a3ce64e36,0
043f7698-82b4-446f-8039-bd0ba5245fb7,0
517fc5af-82d5-4d69-90a2-3a5b67f466a4,0
b9802cb7-02d6-4e6a-96ab-e8130ef7779e,1
a8d659c8-6cb7-40b0-81e6-724c10ee74c4,0
fb02a9a1-be41-4078-9c0b-766b697419df,0
24793e19-f381-4f19-8ac3-641c95d82ed9,0
5a149929-c09d-470d-b186-b3ce5342772f,0
a41d4de6-7c52-4d4a-99ba-9bf6b248b0e8,1
6421c55b-5eb1-4b66-a96e-d8a42b483358,1
cb9d889a-d5df-4d25-b33b-e2e29b258e3c,0
abad8aac-f9e1-400d-a4c0-923c351ff8ea,0
f1a99e27-218c-4fb7-b256-27134f779563,0
5c300e04-a780-44f4-802a-20ccfbc204e4,0
b2a4edc0-4b1c-4dd9-b1b2-5ed297a81d36,1
c0031348-02a5-4c4e-8231-32777179db41,0
a8455c48-25c6-4a8b-ab49-1bb99cb7cfc2,0
ccbf236e-1b2e-4ad0-b58c-a8c7041ae6ee,0
60de0a35-c28b-452d-b97a-a5f9ebb502c2,1
9df1dbaa-974e-42cb-888d-01dc2252b936,1
a5d2a90d-1a57-4e9d-9883-654f9cdbe2fd,0
2c1b4263-1c48-4aa8-9e5d-a3b11e2a3a71,0
bd140665-d464-46fc-8725-d5abd36487fa,1
e6b20f1d-1b49-4bb9-bf1d-dd41f933f4af,0
1cfb8f40-f643-4a56-bf00-106e9de9751a,1
cffd1f24-7d8b-4253-96b0-f49e5eda1738,0
a29d5ca2-7486-4ba9-b64e-1c18c904ce5a,1
e03b6c47-d55e-451e-8dc7-d152d3586983,1
3456a744-c1f0-4fa6-b00f-168d4754de88,1
9d39a61f-f0c4-4383-8aeb-a0372735c2ed,0
7c605706-d10f-4072-9311-1387cd24d710,0
bc0b9c63-9cee-4817-a393-f600d93d828b,0
1d26582b-6280-49da-82a0-3f1ecf077ec8,0
39131026-47a5-41ff-8be9-6bba4dd23c82,1
f475ecd9-70d2-4b2f-956a-7a71c102e29e,0
70228e0f-c4f0-4b06-89e1-77214c9bb86c,0
a080d211-5263-463c-b895-280dd96e6d76,0
d7e4b368-6f95-4984-b02f-5286ae784c5c,0
05e46f21-9099-4a3f-a73e-3e0d2ab24b2e,1
8ab5d557-4abc-41cb-b1b5-45636718333c,0
dac68c9c-cc12-47ca-b974-b78b6bf19387,1
743a8e9c-8420-4dea-aeda-90e6214e529e,1
9ab10af1-5506-41d7-bb5e-80d580d70a09,1
cf068722-5b50-4859-851d-a2e13ccb60d6,1
71bdd92a-283a-40a1-8f93-195db019d8ff,0
05cea60f-7707-4d59-80f4-650570597578,0
98f7aaf2-3d67-405f-a5b1-29292ebeb51b,0
002e9360-b5b7-4bb4-ae83-74624edfd1a4,1
93c2f3b1-afdd-47f9-a036-15f7408dcfdf,0
fd556ffc-a7b7-4777-846f-7de34b36e4c0,0
c9ccda0d-b3d7-4f66-a68d-35385c517c5b,0
d4aab40d-ea0e-4e9e-a1d5-24781f037cd7,0
e9942c10-245e-4953-961e-030f1b8f5d6d,1
9fd634fe-95ab-4583-86d9-aad5d290da90,0
4b185859-b571-4510-a2b9-fe89ffdda36f,0
d27138c4-444d-4069-b033-a3c3de1d5677,0
c6028a7c-5383-4baa-a917-e01aaec83752,0
f22dc232-5c5a-418c-86d6-0e1dd67f931a,1
b8f3caf9-3e06-4f06-9e7c-8e288538cfef,0
f1a9cbfb-f19c-4968-8ff8-0c577ef38ed4,0
6d545410-4f11-4f5b-b580-ff10349f21fe,0
d8cfc43c-743d-4a70-8244-e7730caf8ef1,0
76986333-d751-4800-8c13-0e138d0d23dd,0
7b6f83e5-c4f4-480e-b1ad-8863bf8ef557,0
14654f4d-bcd5-4a94-b06f-ea7bbc0c8b5b,1
2d459678-3e33-473d-a7ed-42cafbab407a,1
0bd99218-76bc-4c9b-8e4f-9c2ad404b0fb,1
4d08d1c4-6606-4f75-b578-cd924fe3e78f,0
f8fdafa9-0910-43d2-89b6-4b76281e75a0,0
8ee831a9-1798-4b8d-b16c-53e7bffb9e0c,0
72ab311a-0de7-498d-9281-ec340cfa5b9d,0
afea5211-393f-4ab3-858f-a1421a5194c8,1
df94df22-457e-424b-880c-d9a72a8bf451,1
268fc09e-8feb-40d3-8ef2-456f6547bc66,0
b1a0ad0c-76ea-4d4b-ac40-8963fc4a8c63,0
6ffd648b-9409-4665-828e-30aaf0ccfd07,0
07bb1db5-079a-49b1-877b-de83648c8e9c,0
cec7e878-ac11-4cee-b422-bf50db5f1a94,0
35804722-57eb-4368-9fc7-dbc3f23f3607,0
395961f6-5b40-48b9-bfe2-34dff7aa824e,0
7cd0b009-b213-4d88-95f4-ede2dacf7ca9,0
cb90935f-d048-4142-a239-bd320a89983a,0
21667ef2-9019-4981-baae-0e2d1dfc50ad,0
4d1b7e62-57ef-45f5-870e-4e30f4b17fee,0
b49a0b23-7bcd-4e9b-8cbb-9547f07c78e7,0
7465f624-21f2-4f7f-877c-1c3991879135,1
cef2c60b-5e67-4594-a9fe-a3d3cf508099,0
5c5e19d4-e02c-48d0-a974-80a3c1ac957b,0
13527e53-bcf8-481e-a28d-7db6b75992e6,0
24325283-49a6-4725-99b4-d521c0467b42,0
03121702-244f-4cab-a236-d51d59298916,0
32f963fe-ad6a-4d53-9b3d-3ca9ee67be2f,0
d8975c85-c037-4a6d-b9f5-a7c95fc8b596,0
2532d679-2eec-43c0-91bf-acf4d253197c,0
d3166f5f-60ad-4432-8525-9c2e04ba1ab7,1
957212d4-dd7c-4825-b711-d45dda275605,0
2207e8b5-828b-45ef-a3cd-eb883fcf2368,1
5a9d77a5-09fb-485b-8208-329276af6134,1
1e0afa31-e7b1-4809-bd53-c7ee0294425a,1
dea39f5a-8a5d-4ea0-8b81-d2b943cf9821,1
11ec5c6d-0216-4bd8-8b7b-d06960fd03fb,0
4122013e-b487-4c7f-8a2c-3fce5fab87a2,1
71a7cac2-a0dd-46cc-a901-98b9cfd46387,0
4d74a74d-573b-4f58-9b4b-96579285f63a,0
bb9b1cc6-95a9-4407-bd7a-178e320000a1,0
17b0d78a-3fa8-4e79-8762-710310ca17f0,0
dc9151e7-d352-4b12-a8b5-fb7d0e835bb1,0
dbe5c12a-c482-40f4-a203-890dab8b465d,0
3f2402b8-86ca-4ca3-9078-d79ddd9bc1e3,1
24848ddf-8630-440e-83a1-6aa5140c142d,1
2d3d232b-a48c-443d-adc3-e66bbb32e115,0
b752f0b4-4f0c-4c6d-bcdb-e1a7d2cd2791,0
500f6e2d-3aa2-4596-8e57-152a11f5a08f,0
1782d3fe-941c-4c43-afdd-d199d942ddfe,0
411661f8-60e2-431c-9ec9-416ea7e78f35,0
690300b1-463a-4c96-875c-fb0a1f5aa96b,0
d81f4103-bef2-4967-87e0-df375ef3bcff,1
540ca4d1-8363-48b0-8447-5c2d520c661b,0
f922b857-59c7-4b95-8bce-ddd50d321948,1
d26a996f-adb8-45fc-a22c-bd751a0bb7d2,1
0c6cee19-efeb-4183-b770-8f3ff66346cd,1
d8497ceb-cbf5-479a-96db-8aefb43be618,1
ad6b4125-37ed-4e2f-9c07-387b9d16512e,1
805a40e1-1fb5-43a5-beae-3c2676e063a5,0
54322e0d-2c32-44d2-94a8-d038ed935a2e,1
3f7bee41-e374-4704-9926-448bb54fa852,0
3e014bf9-d409-43c2-81c3-79a05b9a3549,0
697170cc-e564-4105-acbf-8f7329d411d7,0
55603d32-3a47-4e8b-ade6-c09c51190da4,0
e22b0ec2-d046-4579-9851-965f6cde451b,1
3ef109f1-c651-4602-8129-9c2d47690a75,0
3e5d55a7-e036-4ea3-82a0-0f2182843962,1
347ded32-3edc-47ae-a875-7f93710bf343,1
23719cdf-ee39-4ea1-b85a-f6ec3c37574d,0
687c2098-b34a-492e-b734-f141c9ebee7c,0
29c05a5d-2afd-4fb6-8959-8b81230ad99c,0
5539890c-4097-431b-919d-87769fc58f2d,0
c65fbcb9-9ef1-4ec9-9392-747ae7f921dd,1
f40e0573-1480-44b9-a4fc-fc66ccaee1aa,0
ef64140e-64de-4fc0-80dc-1231683d5464,0
32ab99f4-06f6-436d-949a-2d0610210dc0,0
ae1a7d93-41a5-4837-b229-b46425001b99,0
ecba44f3-1266-4835-8e09-dcd3a632c406,0
66820c67-b959-4c64-acc1-21e27abd2ea6,1
7fe01024-f7ff-4723-a3c0-798d996a0c2c,0
6bc9b033-b924-4c94-861f-ae9ff9c9af90,0
de1266cc-c5f3-4c69-ab37-e35d5269f1f5,0
a3571738-3a1e-475b-a7ed-484224967ef3,0
71c05fed-9cf2-4d45-88d0-7d94f67db7a3,1
95542e1a-611e-44a0-b973-cc55da260e15,0
2de547f9-486a-4b9c-b18d-5ca11af8858c,1
f1f60109-fef5-4434-99de-99dabeb6c994,0
0e5f4b1d-2b7a-48c1-9c28-043250dcbd11,1
c879291b-0e1f-4c7d-9f4e-4f225c3aaa28,1
d9cd9664-f1e8-4bb6-ad49-80fce38f20e0,1
8a5a051e-3b92-436a-a50d-f6b37e1f78e6,0
f3ade3bf-366b-4108-8d5f-5ba7cb6bcc65,1
45d480d0-fe10-45e6-ae98-dc2aee880a7f,1
e6e3aa40-1f53-4c5b-95d0-bd41cc343810,0
6e8617d7-eba1-42c2-8cde-15e73f79c3b6,1
d1ea25fe-2b1e-4bd8-91fc-acb9fbe1dd51,1
f4394458-45cd-48b2-bd9f-d63a0049c163,0
29d3dff7-6552-443e-8f26-380001523b37,0
c4eabbba-b6de-4143-9539-c86151c7c55f,0
a5c20ce0-0a25-42a9-b72d-22e0ec91b4da,0
4b37a28d-59ae-4a4f-924b-731224f2d881,0
6a321040-d83e-45c5-9e84-653423f380aa,1
ecb80242-cc2a-4b11-8cac-3ec436b07117,0
64152827-8a12-4ef7-b7c3-d72ccf32bf99,1
8a3280dd-4fbd-46bc-b66a-48e2d7bbb886,0
9a908585-5aef-439f-a4da-bdffbd475803,0
9e6ca6ad-a49b-434a-ad4a-71588770af64,0
847efb58-93ba-49ff-a85a-da625faa2d55,1
ccf91ea7-ac69-434c-bcb9-893d9fe3bf72,0
380f447a-1f2e-4007-8930-d388d00c4ccf,0
6adb0e27-7990-4fa0-8b68-0865d22cde1c,1
cb1ec4e4-31ae-4107-b6c5-fa132478a692,1
4c299101-0062-4aed-b772-f53738c55e41,1
280ccfa3-db2a-4008-9f68-d6e37af445b8,0
cfc1c4c3-1a0e-4652-aa49-12000c0a05ef,0
ce81e4ea-b64f-43e5-a57b-105fa450fe4b,0
299d6f73-c26c-456a-be2b-f4dd55f678e0,0
0027ee1b-a9cd-4145-bf68-371de092c3f0,0
acf12acc-c3e9-43f5-8b58-59a726a6f1db,1
0cce92de-94d1-4450-bd22-eb2c724ae6ef,0
d1ea95b6-ceb0-46a6-8d1e-1b977306bd67,0
e3ff2dc8-a248-4b8f-a44d-76d261e4c229,1
cda4cc8a-62f2-40e7-ad00-dfbfd9c887b0,1
31d07bd4-31b7-4fcb-b8b9-f046f5d5e3bf,1
40fca479-2663-4d77-bfa4-e727721f36db,0
69927431-3c0e-4cb9-8cab-7b7298b2c0c0,0
2300d5cc-de8f-4feb-8f60-b259be6e4df6,0
1b363c9b-dff9-49c5-a66d-240a65e98799,1
32372ab7-a45e-4eb4-9e89-30a8f1314cdc,0
bfa0a162-25e2-4313-8861-aa84f113e3f7,1
8d02bf12-c340-45a4-8dd8-84ecbae3dcfa,0
45c109c8-3138-40c9-a2c8-32479198d1db,1
f941c8c9-d31d-410a-8f5c-138d5d7d7f6d,0
788c8a76-89b3-4ffd-ada9-f239547df5a5,0
e7f58af5-bd9b-45ee-b10c-f070c9ccb577,0
d77fc584-054c-4014-bd62-f64640399679,0
bbb0dceb-ec4b-479e-8e4d-cd26417adfd0,1
3db7dbb3-2761-422d-861b-5ba3dd7af6f5,0
b760e12e-d1e3-4221-a6c4-2ffac55f2c97,0
f7e7934e-a193-4f3c-a6a2-51d54fd5da34,0
6294869f-0b36-4167-9d19-0c717fe0894e,1
000c6517-31d4-4175-a9f3-821f678d8510,1
60103a63-c76a-4f3e-a4e2-a991a5c77d40,0
ed113ed5-df55-4595-b9a3-1e1e5c66e6b8,1
3b4003b9-878a-4514-aea9-6de040740638,1
701567bc-e668-436e-bdec-b161ffedfeb4,1
c6839089-6792-44b7-8839-5d76baee1858,0
e70b36e6-48f3-4589-a2c5-5ef638a8791e,0
e5833b0d-cdfc-407f-affb-45e7739a1b86,0
91b058c7-25f0-49f9-92ec-77e3a78fae2e,0
933037b9-d23a-4e18-b5e3-acf64b7c37f4,0
0ab60fab-b0ff-4361-9c9d-b1e55ea05c12,0
e2ec8d68-091e-4b50-b26a-dc3c52420450,0
efc3c10f-4259-48da-83c4-d4ea1ad7a2de,0
16718147-3fb7-465f-a4bb-4dbe98067ae3,0
cad7fd1e-02ef-47fa-aea0-0b4fdc9842b5,1
58e77323-3315-46ad-a217-e798886616af,0
e98a8716-ad2f-4b12-a757-87b688867376,0
499c71ff-431b-4ef1-8077-a613d414bad0,1
689be437-004f-4eec-b822-76b6ee8ac6ea,0
95f5b310-7a73-4bf6-99b7-758866f15c84,1
3cf6c1e8-9724-46ac-b095-21ce3d0681fc,0
b36722fc-df4c-430d-b4a0-9e9f5b946e82,0
9704cbda-c4e7-40b4-a0fb-7ef2e8e2b750,0
1eeaec43-71d3-4353-bc57-73846881778d,0
5b747588-26d6-4f3f-bd08-e51fbae0edd7,1
4161a847-8b33-4da3-bf10-0b9a0223ae2c,0
c4987548-b906-4bf6-8e56-cd06a68b6f53,1
c82ad730-fe99-42ce-b41d-c88ec4e5b360,1
de3b245f-6a38-49ff-946c-b3f1e7774556,0
e1741e83-b239-4f34-bcf7-8188d3da2a4c,0
2f03dc13-eeeb-4eb6-824d-d2603a55c9f1,1
f357ecf3-bd2d-48fd-b210-9e16fbea0501,0
a9c6f20a-204a-459e-bbe7-76657b57f4b0,1
a8329dd1-2874-4102-9994-cbc39675fde1,0
a0f95319-c02a-4fcf-bf54-c546f06a2eed,0
fcc8767b-51d0-4c4c-99c7-17735259e467,0
5928b8d2-8ec6-4f37-8130-a18109785a43,0
ae027145-b26c-4b16-8b72-83ccdc2e24c7,0
183ae746-a9c2-468b-98be-5728d0abe0a0,1
16be21ff-d9c0-4eb3-9553-abba228ec6a1,1
635a6cf6-0cc9-4994-a5ef-6a130ae813e1,0
d8a510cb-274c-4144-9b93-1871abac5b67,1
a27533e1-44ca-45bb-a676-7bc380413413,0
baec7c59-427d-4d12-8f60-b0aa66fd9096,0
814712d5-1836-4d67-96b5-69a37d4e0894,0
747da55d-5d7b-4388-affd-5a49de340c04,0
8f0377ec-1456-4665-a783-3616f6e2f8ab,1
0c4546e0-650b-4ee3-843c-c94d6fa3ad35,1
94c0bfbb-345d-444d-b6ce-dcebe780b069,1
076cd265-365a-4b8a-a86d-b022af7cad86,1
7e6f01b5-f117-4ac3-b0cf-8a26dc5300da,0
c31502cc-ecf4-46eb-b8bb-4b118b5cc030,0
207c41d1-467f-4584-b128-a2a854cb4a58,0
b50c8cef-67b6-490c-aaca-0e0e7795e468,0
ce78a327-20e8-48b2-820c-2a0ef7a50819,1
6ea20cc7-a472-4116-b562-7f72175fdd2e,0
fd48823c-b5fa-4cf9-9be5-821eb8e880ee,0
c320a548-e926-4bf3-9522-7136c49c9ab8,0
819548bb-2fea-4793-ba9f-63aac76b151f,0
d7d69e8f-0948-4849-a809-4b94515bfa94,0
2edb5b03-4331-4e06-95a4-c2afd07a168a,1
9a526231-c8c8-44f6-8b0e-7c63cba51b82,0
2928e314-c26b-4edb-80a0-8975bf401b18,0
5e11e51b-cfbe-4b73-88f4-bec77fb123e8,0
f9ff9e83-1992-4e7b-a7ad-2a6a723cb202,0
76500269-c0f0-4508-b54a-601d5c98e774,0
e3aef9f0-5ee0-4eb8-a2c2-a84e835a849c,0
ff5ca89b-1b8f-420c-92fb-f194074d3c72,1
1b64b1aa-ccef-423d-9763-c5a5db85c3d5,0
bb5f9f2f-3ed0-4b41-830c-d8c978780c42,0
b7c99827-8a4b-4c84-94fd-7d096e15764b,0
f9bdf423-091d-4a7b-845d-b8d0f4b11f73,0
a9a0b93e-1495-43b1-8d4a-75ce1350dba7,0
80494df9-ab92-4b1b-b9c8-5d17d271255d,0
bc0a2387-111c-437e-9d34-e706c5b4090e,0
658b56b6-f54b-43af-b366-e951bddc6a8a,0
f97c99bd-24c6-49f5-a0d5-1fcf92aada34,0
b42a4480-de4f-44a7-8cfd-4a88ca7e1dcc,1
ce86f743-930b-4191-bd7e-a5ba326a8ecb,0
e8605c2b-d9b2-489c-8f14-85d229ea8071,0
d3dd3485-5b95-43a8-ad98-31b8079908c4,0
d8d279fd-1c21-43ad-a2f0-3ccca04f9c41,0
b96f8256-002c-496c-a2f3-4cde5f60c645,0
90f16f7c-73de-43e7-b8b0-d8e674d5352c,0
4c62258c-2fc1-41d1-b183-1a3ce93957bb,1
c6fda0d0-9f0f-4a6a-a76f-a21a7a0f066e,0
860dce88-9a04-465d-9a6f-22bb5c865d5a,0
86fb1be0-41c3-4724-b5d3-a3335a35bcc5,1
8d13c3a3-fde0-4126-8162-ca68448b29de,0
e17ba0a7-574a-4852-a40b-cd9ae07930c3,1
d976e31c-003b-4772-be6e-93aaf17ea98d,0
6c4442b9-5e05-4ecc-918a-ee1c59edf698,0
18a38d85-d5f7-40c8-850e-8c8797d043f2,0
5a6a4335-41cf-49db-b451-e18ea2ebc829,0
4bd46d80-2363-4f8e-b965-65689ffce61f,1
2b491e95-c9f4-49a8-b5c5-7f848162d069,1
693a628b-3a12-48c6-ab24-fbf2af3100df,0
7302cadb-9f41-47e6-94ce-a5925b384f5d,0
2c51b215-03f5-4be4-8bc8-9713d3c6e46b,0
a8e3ba79-fb29-4ff3-acac-ad0e96bbc7f1,0
b9128bc5-6fc2-4535-b684-b4e0e050ee05,1
d6d399b1-e2a9-40e2-9384-9bc820753ba1,0
d5223c27-9406-4c2f-8bdc-a323b6b3e00d,0
cdc898ef-6df8-4e47-a060-950eb9c9d859,1
d0805d0b-90a4-4dfb-930f-e5bcc3d0fe3d,0
848f493b-48fb-477f-860f-f435e08fc220,1
ab7f0b27-4a81-409b-9084-32bfd9749a9a,0
0571fbcd-ad78-47dd-bc42-d911e877ef37,1
3a908e9e-42c8-4e01-bebb-af81374bb7d6,0
d2f193e9-bd73-42c8-abe1-a0516c473c86,0
98348d0f-dd03-4efb-b35a-dd0244c4e291,1
626de4b8-bbe3-4880-a778-f5c6bd1fa4e1,0
873db15c-4c3c-41f6-a332-79e22ff57ba0,0
4aec2ba0-2b5d-440a-a12e-0339bb21689b,0
3916e9d2-646e-4059-a6ac-8e9f7a096d42,1
ed646581-ebab-4c50-abc2-628fcefb120e,1
b190cf32-fa72-49f5-9de7-874dfccd5cfa,1
924bb75a-92d1-4e8e-bec1-b9790e3dc910,0
321df55c-6e26-4a05-9f0f-dacb168ae1cc,0
90f1d59f-bf70-45b3-a7e4-a8e1e8ea46a1,0
5c1c78d1-195e-42f3-9b2e-e32c91c41118,0
c8a4b9b6-5ea5-45cd-a7bf-ff5c2a849917,0
9005564a-d456-4826-a2bd-8599560c00dd,1
d5b03710-093a-4dbc-90c5-9f39e84809c3,0
e872e197-eab7-4741-9b31-f1e286e56031,0
de4aa599-a904-4128-97b3-1c727c075435,0
1f718556-5f8e-403f-8e8f-10cd0ea27790,0
901226ff-df1b-436e-be34-0e26f0d85f84,0
14e260b5-82c1-4268-82f5-bc8d62b1c81b,0
b191d69d-0836-4f54-bcf7-b36c5ecf0392,1
3f2f2b3f-a2c7-4321-8711-594ec434ee37,0
153370d2-68bc-467d-a269-abfd2148b6e6,0
7e77d042-4b68-47d7-9201-b142d991cda3,1
c7c311d4-3ff0-46a3-8569-dcf582efe9b6,0
e5bac8b4-a90b-47d6-97d9-696a2af8f4c2,0
686dc7ac-5d52-48c5-a602-c1d73ff984fc,1
96af2400-8a9b-49b2-a339-d75e4fffc98d,1
a6c8dbef-ede3-4475-ab9d-4d19bd08ffd3,1
6cb144af-f2f5-4fdd-9a35-305b38d97106,0
67ee3563-77e9-4851-9bb9-055e2d8da13b,0
0492895e-7ba7-4d20-b0b0-f0e469218ea8,0
376bd015-f47b-468d-a463-c990573394fc,1
e11a0ded-7b37-4ded-b9ab-d93426eb93d0,1
4c4cb7f0-03bc-491a-a902-13614895d136,1
06ac817d-3ec0-4252-8db3-5cabedab13de,0
1a17c0e6-0ce3-47e6-b9f3-4c306bc16bb6,1
535f10cb-2bb8-43ca-9a7d-8452fd10cec2,0
2fb31a7f-f9ed-420f-bf05-9ffd7a52f853,0
82229cc3-bd8b-4456-b5a4-7243173adebe,0
9eea5cae-9530-43ea-8772-fdae60f9ff7c,0
928812c9-24cc-4b09-b1f8-e4cb911cff22,0
c9342263-c8f5-42f0-a5c7-0b253bf868e9,1
94edb7a0-fb28-4d80-95a9-f86208c4ea63,0
57f87307-167c-4ce9-b5a3-e4f637bddac1,0
deb7693b-5788-41d5-9059-9123b1445aa3,1
76623881-d4cf-4eef-9478-5e2bbfc712a1,1
ecf5a92b-cf9d-44fe-8a7f-e2c0bf9f67c9,0
96502190-9de0-4a76-90de-ddc25985b9d5,0
94b5bff3-c1d7-4153-a7ce-f6b0af85bec4,0
0a42a31e-d9a9-45a6-a84f-cd37997e1dc7,1
602836e6-bdc4-482a-be39-cad76fc0f84b,0
1d8a29d8-6c2c-43b9-b06b-899203e4244b,0
25e766d9-fa80-4607-9626-ec501e9ce7b3,0
1a11f906-79c1-4265-bed6-ac7dfd6311b3,0
33a3c096-f353-470f-86cd-68a916c50ab0,1
a8e6c0a9-aa68-4d48-9c4a-7dde72576e70,0
87a1f0eb-5a6d-4b11-ba30-83bde75ecfca,0
60d76179-c96c-4cf9-b652-cc336e3bd7a1,1
638a6d65-9787-4f58-b888-2d153e0ee955,0
1fafb950-4e44-4342-89cc-56c8e91d9ab9,0
fd9f612e-5e4d-4bdf-8025-50c3654b4c56,0
e0927511-cb7a-458c-ae85-07767d7482fe,0
20e9a933-68d8-4103-a9a0-15bdb876616e,0
0e398bf4-086d-46fd-9572-bf9291a65cf1,1
f7f62f09-85ac-4d89-8d85-ebaac541e13a,0
de4ad176-e11f-4b48-860f-017b7709027e,0
1d4f36e9-bec9-4786-a8ca-eac9af2ded5e,0
f54138db-fecd-4d32-bfe0-4d166759e2b5,0
d7434616-d3d8-4d0f-9585-386eb00afa35,0
b0e17b56-6fff-4d2d-99a5-e761f1251b07,0
3dfe55e9-ef1f-4869-a7d5-31836f066e7a,0
eaf68a1c-bbad-4bab-b68b-2d417a32b77e,0
1c187408-3abb-4fec-a1a3-dbfca9d5ab45,0
c5fa938d-c1df-4f82-a5d0-8d16ce5550c3,0
c9a9520c-eaca-4d19-9fae-55f10c56ffca,0
660c1c9a-f5d5-46a7-8444-e7ca2bea48f3,0
15d71de2-13e6-4c01-959b-83f3da6cc0a4,0
85b3d5ca-8ba4-46f7-af0e-2bc828f9e879,0
8f7dbd35-bbbc-4a6a-b5da-f9a4b9a821bd,0
6f302841-0a43-4dad-8a6b-ff267d5e12f2,1
c2351aad-66bc-4cdc-96b3-8f6439493100,0
7b23ec6c-5985-48e4-8801-22167ef4a6a8,1
2d56727b-d907-4205-83aa-03215d61ee1f,1
15f75911-9a9c-4606-aeba-b70d88e1936c,1
c40e84a9-ef50-493a-8661-a53160fb677d,1
e090e404-3e0a-4aa8-abc8-7597a8c64759,1
418204a2-679a-4b95-b1d5-deb8e7b02eb1,0
dd58c26a-da54-4cc7-9ae7-6358b19b28d7,0
3f815a60-c271-4c5b-bf85-ddc9523da2e2,0
03a95cd3-3252-4321-9f62-8fd4207a42c5,0
6215100a-8871-4876-83d7-641eec390789,0
3a22fb7a-13fb-4e2d-91b7-8ce07ea0fcac,1
b70ca771-602b-42a9-a788-223effe9ecd7,0
027e13f7-9450-4f91-9498-46fa17893cd1,0
589354b0-1710-4f23-bb1c-1bfb1e915f68,0
d20ba2c5-ea7f-485c-80cf-690d87e96e98,1
ef6040f7-03cc-405f-b031-270037f3d965,0
0fb55875-8c92-4e59-8c52-c52619d05bc2,1
2b373b51-cff1-4a65-afe2-4f9e6ff1dadc,1
87bb5a14-ae24-457a-93fc-5e82ed619a13,0
75250f5d-c1fb-4d56-9179-3cc3a4e33d7e,1
f843fc3b-5968-4cff-91c8-a10b55dd9749,1
792788bd-ac73-4b59-8c69-079b9e3386a3,0
35d8da19-a0b5-4faa-8151-abcf789922e8,0
6f0721ca-2a66-4db9-bdfd-0601c1a3f06b,0
47cf7557-8f7e-45f3-b08b-a7d6d4bdc9ae,0
4e130433-b707-4b0f-8040-3ea34e3c6a04,0
d9fe7ea2-a2a2-4de0-81dd-fc792fc6c8a9,1
57f8022e-4327-4bdd-bf35-9ea6608700e2,1
206e283a-bf6c-4d60-8a7a-71ab6424e913,0
83efd7da-f577-4961-931d-85d55cb0cd10,0
ad6c9e09-9a52-43ff-a5a9-8dcbed625c66,0
10f64f8b-75b7-4ed3-b2ea-ec02ae361827,0
a47cbfb1-57ff-4ce6-9a57-8fc8ea4d9a83,1
305653ee-3a7a-421e-aab2-fc195caee51d,0
028d32c8-dc7e-4a6a-a7fe-c46d5bb62ac8,0
32a559a4-b6de-4615-bffa-a2f6d477e54d,1
25bcd5ca-f238-47e4-a6c9-a4c19c20310b,0
bc616c89-118d-4dd7-8b7a-e2fe0e3f28bc,0
60a9c06d-e310-47bf-8a70-7530b8c4dbbb,0
ce9cef7c-5714-418b-935b-74c0f7351ca3,1
76bf7869-32f3-498a-a087-a6c103d99db5,0
bd972618-44df-455e-96fb-7b8adb908486,1
7739d2cb-0cc9-4d25-b5f9-a86533f3dfcd,0
533c3913-bd7d-4bd2-b762-e8fb001f53e6,1
10d9ab60-99bd-4218-bfb2-b941ee73f88b,1
ac0c4ba5-7327-4379-bf5f-7a21793d7672,1
0fa21c4e-ccf4-4cfb-b31e-c5bd27f2cb43,0
f66523d5-de08-48e0-816d-a5c2585e0428,0
a676c867-a0c2-40d8-8f1e-1551440c2c89,0
bce53f9a-cf4b-49a6-931d-efd2076e767a,0
dcbdf9aa-b9ad-4830-8083-02f438bac2f8,0
c9513e2e-c4ed-40f3-868c-b98953cbc789,1
daa6a9e9-6abb-4aec-bae1-74ad768df0eb,0
cdc24107-7743-4a48-b8ff-58a9aa2a0f35,1
730ea5cf-0095-4876-85fd-9def92f2556d,1
5943c623-f604-4d86-b110-c040c1cca06a,0
9d1039ce-7050-46f2-9df2-75f0a9d462ec,1
09b0bc88-2da1-4179-8c1c-11e4042f0d8c,1
b8ed9ca0-5be8-4ae1-8849-347e0186a36c,1
708daf83-f9e9-4596-b4b3-79ab097f2644,0
40f36325-d883-4a4c-b459-2029f6b9603a,0
0a976eec-f729-4f0c-9254-fa5e78163ad2,0
bb081412-fd7c-4903-b0d8-90d56f09c5c2,0
58a628d5-9911-4801-bbec-a58067f5ac4c,1
0fc6de10-0d24-4fc9-9e0d-63c388a60469,0
3242c27e-944e-4489-b6b2-db32752f0642,0
8001e030-2da0-467b-b968-592def019040,0
53b08715-eb90-423d-bec9-77caedbc93ab,0
55ceee26-8253-460b-ab1c-a30bca164be7,0
c0df5915-1214-49bc-b978-a34876b31848,0
58014af1-d18a-4177-81c9-12e7d755e2fd,0
0a5dc622-ddb8-443a-b6ff-bc745c12cb26,1
15417779-f4ed-4c66-95df-09e89f57ba2e,1
f9be4bca-2c62-4115-a8f6-ca6ae7b23b4a,1
0f790a52-ca92-4a9b-8223-88f8c4463748,1
81827208-162c-4f1b-a153-987b11b0b17d,0
caaad42a-cb54-47c8-8eca-38d20ef43b65,0
38939906-d707-4111-9f0c-403b2a6ca0d3,1
14e105d0-f1eb-4b4e-8689-6306965b59fb,0
768b73cc-c01b-4d86-a5c3-a773c10618ef,0
3947cde7-d082-4e04-ab01-d977ee183a2d,0
c1e9c618-b8f3-445c-a0e4-43908709e3b6,0
d71a76f6-a52d-4045-8fe6-4a243bf3e61c,1
53c3415a-9c20-473f-a7b9-20de338419b0,0
e5866f4b-3967-46d0-86fb-d3dbe975bafc,0
7139a843-cb49-4710-8ace-a76dc97d8fcb,0
d977aed4-cdcd-436a-9352-aa717f770cef,1
454bf554-03c0-4b06-a792-b906f1e9f760,0
f39fe062-0ee8-4a13-9047-10565f58a9ce,0
ec3ddb01-cb5a-42be-b6fc-72e9f6193bf2,1
2fc43f74-f648-43f2-865d-5092b85a67d5,0
8576ee87-0db2-4f09-9814-d4d7797fb27a,0
a5b4b3bb-f6c7-4f2d-b161-4fcfd12fdd24,1
42a209a7-d073-4bdf-a978-36aa7169e552,0
15df33e7-e03a-46b9-afa9-d864ca37302b,1
a1a04638-1cff-4096-88e7-ee66af37b3b5,0
6e70e297-a64c-4632-b6fe-708d4b8e71d6,1
ba156442-23bd-49a7-a923-646c47a5c0cf,0
02ceab9e-ecba-44c4-8a8b-e11959231ed7,1
3e88263f-6387-484a-bdb9-d3d3f9870c4d,0
f29e0833-41e6-42da-a64a-ba20ef8cc156,0
cca4cc16-5c36-4279-b750-a5e4532133ea,0
fdc7a32c-b6a2-44d2-8679-30c71235a042,0
6d6cbb84-e34b-4674-843b-e953690124df,0
3f41c1ed-cc0b-45a5-8299-423ed94af854,0
b0ab263a-135d-41e1-bd1b-13f273b05fdc,0
31a12b64-2806-47aa-99cd-bd0864ce80df,0
a745ab42-afa8-43e9-8426-7cd6d8f1c021,1
b89fe731-a6d9-43d5-bca5-693fda9abe25,0
e97303b5-cbbf-4ac2-9cca-ec250673e30b,0
e0096c4b-3f42-444b-8dc1-ce449d87adfc,1
70c04196-55b9-4297-8d9a-fe0f12c2e85c,0
84048a06-34c9-4070-bf96-5bb6e507ae89,0
871ea871-8ccf-4d59-8cdd-64c4fc67b227,0
9359cf5e-8769-4805-8df2-4cd41cfe15fd,0
b8cb9ca9-475d-451d-a2a2-fc42a25a6d97,0
7fd80d71-c045-4e1a-8fa9-4d27d9a5496b,0
130ccd22-220d-4365-a5e6-6ddb65c80b8a,0
86ad10e2-4ef4-4e9e-b466-cf709f1850d2,0
486eee37-c492-4076-89c5-7d01a8630b3e,0
9101a840-a8c8-42b8-93f4-026f65e71398,1
e05502eb-12e6-46b0-8b61-d968a69870a6,0
9120c933-ce4f-4076-bc2a-4d0e270f1afd,0
1b40f06b-8c56-4997-be59-a32bba99286e,0
46e6e832-129f-45b1-b76a-ebbacfb5a52a,1
643c032a-cbbe-45f9-96db-bed6a943bdc2,1
3469dba7-30b7-480a-9e8c-a857b51b4fd2,0
0e65e4af-df53-4eb1-be89-1f513400c9d9,1
10eaadcb-9c4d-425c-bb53-9e5c2d7cc142,0
1f3aec78-5838-4e67-87b9-5d4b1a1e8915,1
df8720be-9efe-4ba2-8d91-fe8ffcbab8d8,0
ea0ca4f9-9318-4975-b15f-c254d694aa81,0
82473dbf-23ba-4528-92da-b4eeda723c2d,0
2267264d-046c-4226-bcd0-bece3dc20847,0
a6f8632b-a0ab-446f-b4fc-e70cf6797aa2,0
f0df6f43-19e8-42d8-800e-077b2d5d6d45,1
5e0877d9-82d5-445f-a9e1-2ea8e0b86f88,0
343d0e7d-3387-4133-abb4-0da5ad880b6a,0
564b304e-5fa2-4672-9d7b-75f8aebac72f,0
f395143f-1451-4972-b926-61ff3ada0c9f,1
453e2afa-cb83-4523-bdfa-bc7961b33d27,1
db7ecde9-91de-4d43-8399-f3cf2fd641d3,0
b228dba0-9fd5-465d-867f-ec196024e222,0
eac35ce4-99a1-4c8d-9d5f-37d17a94bf26,0
885b4978-7663-4955-b915-2930fd313a79,0
6a83df5b-4917-4d22-afe1-3bb81b9aa0aa,0
a063dc10-ec2b-42b2-bbf5-d4e1708a2b24,0
a17cf1d3-b776-4cfb-a06a-7b5f455db2b3,0
5e61fa53-13a7-4643-81b7-c6ce2a7fa84f,0
7653065a-e723-4f89-9f6d-60e3fa53f32a,1
081e967f-820a-4cfe-b6bf-3f59b0cecf08,1
a406b885-4ffc-4907-8e31-790cf5c1b8cf,0
2c736da0-b863-4258-8bff-9fe88431db19,1
530d00bf-b0ba-4a27-bbd0-010bcfcfefe1,0
dd14d8a7-f84f-4012-b514-2f8df4a91074,0
7a9afeb9-2118-4c8c-9fbd-7789df311d64,1
0d897831-83f5-46a1-bc14-e77134fffd47,0
b539cc38-2871-4253-9ac5-46c46b474368,1
fdbd9891-bc03-4e8b-af97-82b5973bd460,0
874b8435-2a07-48be-b186-900a10f020e4,0
515cc05b-2afb-4bc4-957d-be0bbb6ce1b8,0
7641fdee-75c6-45c1-b2a1-faba50467578,0
e7b733bb-7562-4a13-b90c-645aab580efd,1
cc07dff0-eee9-4283-8ee7-f9a71527a519,0
1ff94e38-3cd6-458d-b68b-968244f55a96,1
fcc9dcb4-f5b5-460f-998a-fdf47afa690d,1
9d59c956-4fa3-487f-9172-08f0ea10cb04,0
f50727b6-e447-470a-b2ee-dd6d45ad76d3,1
3466a7f8-0c27-4c16-90e1-1ed42de36508,1
0238b05f-cbfa-41c1-adf3-44c7e783e67b,0
c27e9caa-be96-4705-9080-1f4b2d169b5c,0
f43192ab-18aa-435c-baef-b279237ee323,0
8855eb9e-ef7a-4d5b-b469-c9f2a2132f17,0
04aa399b-96e2-4ba4-ace9-ad04054b9a30,1
9a69adcf-bf56-475c-a322-3bff98e71559,0
71e1726a-800a-4882-8530-a1ce652926f8,0
37427573-25ba-44ce-a5b7-41af05acbf15,0
48f4b4fe-e0a4-424e-ba64-e97e5346a7cc,0
24bd5269-dccd-474a-a820-9616e8b123bc,0
6490e4b6-0027-42fd-8522-385ae167801f,0
a2c55353-8617-4f29-af65-05d4478f39eb,1
0f57563a-1956-4619-9b23-0191688f2155,0
20582f6b-d27d-4554-b959-edfd51754d6c,1
82f6bf0e-d241-4933-8080-ffc86a7e98da,0
eed6e9bb-0079-44a5-bb9a-b9bbf109bf70,1
ec0f0907-c0a4-4db7-b261-7d08c35d367e,1
46bd1a67-7327-4b5a-abae-8b73c53c7021,0
822ee7ac-24b2-4a32-b30e-8aaaada39101,1
b393002b-1599-4a17-af50-9140a5ed20d4,1
2e7bea5e-1c83-45f1-83d6-992b32053318,1
df98a14a-4919-49f6-ad8f-34f09daa26d8,0
1097e8ea-7174-49c8-935a-b69ade8a9f10,0
f4996449-869b-4a1b-a296-4972273adeb0,0
c90ced5d-5864-4cde-ae90-30665517531a,0
78ffbcc2-19af-4e9b-b68b-de7c4f1076a5,0
4073e3f3-939d-4d2b-8c75-8be9f0b328aa,0
821d185d-7bbb-4a3f-bd60-37164acc8339,0
45f181a0-833d-4dd7-ad11-d3b4c1b77c10,0
ed159416-4c73-4fe8-af70-bfc9e4afc2d1,0
f2bc1d16-e371-4331-a638-181f3dee3ba0,1
eeda6c8f-5490-4562-ad0e-2d4edfec8fde,1
e4eac43b-869a-47ba-9a51-5b73e553cc91,1
a21865b7-562a-4dc7-ade0-2f21bb44805c,0
d37c4ca9-f469-4c42-a0b6-e2a443d80ae6,0
b6602279-18be-4dec-889c-bfe75bca2e31,0
e91c0fdd-2797-46a7-ae7e-7c59603940b4,1
cb04cbda-a22d-49cb-b54c-3885fcb547f8,0
4dac23c8-4c57-4237-97a6-8e8bad2c8dd8,0
c6733ed4-6b2a-4079-9511-ecc4f152d9d2,1
6c5088c1-3cac-4516-b4d9-4992add2ccba,0
7446647d-6622-4f63-a8aa-d726cb67c4ab,0
6f4beca6-9e99-46e8-b2ca-1125c988a80a,0
fcab6597-d09a-445d-9388-af11288f08da,1
1771ce53-c055-412c-81c8-0b7431bc8c76,1
f9be7dc0-c0cd-4d18-9c60-518bbc072930,0
55daad08-795e-4ec2-b5ef-d7c251c91ac0,0
c052bba0-cd6e-43d4-b75f-a251328a9833,0
50c808e9-2949-40dd-ace3-0084f5e340e3,0
31716def-f847-499d-8388-0cec07c15183,1
4ecb058d-787d-457d-af1a-fe2ebc2b69a5,1
07b0833a-2f3a-4350-b414-ed1c26eff500,1
501e43ac-8075-48e4-9a1d-d42c73cc4a39,0
cd965d49-f613-4be5-b088-8ac0ce53e049,0
78ff1caa-6835-4c90-b3ab-a7e22f94b5be,0
084ad0e3-4fb3-4811-8d0d-b366f08ab7d4,0
4eb08ab8-8990-46cb-b408-f90693fedadf,1
e030a612-9cd6-4223-8a68-1e1f2283fe3d,1
13b9be18-dac6-4c7e-b845-7f18282052a1,1
f05442e5-c7a1-464e-9efa-bec82e2ae4ff,1
34409909-6eed-4051-acf2-8c5cb3b6530c,0
c85465a3-4885-48f9-a1c6-c6dbd0b3c844,1
68aeaec7-969f-4f16-b117-121b12ef097c,1
d00009d1-6f8e-4a4e-9933-501bdcad4046,1
fb5052c1-5614-4b3d-beac-241cf07ea16e,1
d64b5369-f3ab-41e9-b0c1-0b5b4089b97f,0
20d8d793-ec07-4146-ba86-65c82da19ae6,0
0ff9c21b-6f00-4085-896f-06c39db9aba7,0
cad899c9-4798-43f8-948f-0f66d6394aac,1
430de19a-687e-476c-8387-1715c4c61d84,1
4e359202-a760-44ca-9432-9811d07c880d,0
85b2607b-7e06-4e4e-a5f9-c370c22af256,0
f79c11dd-208c-4a15-aff2-a876c62739a8,1
50bb9b97-e1cc-45bd-9e48-fcf5440cf62a,0
c9f1cd85-011c-4e96-a07b-dc612a2aec13,0
ee69c44e-1997-4921-b495-edb87ff63d88,0
47c43662-08b8-4836-9ad4-43e2d7480ca4,0
221dafae-251a-42a6-9d5f-f1af1c5a606d,1
9b9178b9-e8f8-4dc5-a33b-c4a2595d3f37,0
9eb83fea-ba25-4dc9-b8ee-435650175d5b,0
1ca70692-52e8-48f9-816e-1cabb5fbe275,0
8ea6fe9d-88f1-4ea0-8caf-1a7218c36c80,0
a18355e6-46c8-4c23-9b97-7818e68336ca,1
e37f8301-a1de-4fb1-a9f0-9a0001160b84,1
d7067b51-5ea8-41f8-8ad4-58fae903854d,0
a218e249-68a4-45eb-8723-2294ac9786d7,1
3ff0dcdd-ff8a-483c-a6ce-7adb3464109e,1
2307662d-e068-4fd3-bbd0-61617ff6fd3e,0
09eb7075-8eb8-4a60-bf46-36b98c560751,1
29298663-e3a5-4a9d-8bec-2d2cc0546dae,0
eb4a3ac0-2b1f-4e40-baa3-3fe460689597,0
24980c8f-4964-435d-9917-9025534d702b,0
c3cda3a3-f120-4e48-92f7-7d6f362dffb7,0
ff2bbcfb-6275-49ae-9fc1-80e599a9437d,0
fc3eaaa5-0b55-48b3-b14a-80a3b5a194a5,0
d90bd916-1969-49e1-a3c7-136def801fd4,1
4f34f245-ff63-4022-a9b7-36d868625f43,0
83f3ec59-e8eb-41f9-80d2-9cdab306622b,0
3032f0fd-d46d-448d-a15b-d8f9379a1b37,1
ff27bf82-1480-4110-aa76-d1369d34ac90,0
222fd543-5863-4e8e-af77-d902f45f88a8,0
2d9c8957-5321-41f2-bec6-1bff059151eb,1
7553e886-7fe1-430b-8e28-88136fbdede3,0
9d043b5d-700f-44fc-8426-d6abd77c3f5a,0
6c61a58b-d6a8-4550-8dc1-bc086b4647c2,0
c3c5b38a-8339-46dd-bef9-41140638945e,1
0e6d0de5-9681-4e02-9430-ddae5db4a755,1
50aa12d7-7e72-4135-9a40-2118e96ed1ea,0
ecce74b0-70a8-4c3a-97c3-e7164a0267d6,0
d41453c8-0c8c-4f14-bff9-830a79917137,1
fd8f88e0-d2b8-4d76-b7e1-8c7e89abeae7,0
c71aa89f-7916-4dd8-80c3-4206424e9b66,0
3c9272d2-3a2f-4771-ab18-0833021578a3,1
89ad2b22-0302-43e6-9e05-c1654ef270cc,0
b975ff8e-45c8-4a98-a850-f9fb6d7a9722,0
c6ab9403-2790-4b0a-a6e9-dbaf7b768957,1
47e8f76c-b1e5-47c3-9e63-3226fb8b30a7,0
56af69e7-03a1-4e87-a9a4-6644ba22149f,1
c45d59f9-ff90-4fac-a6d0-b00df68da2d2,0
cdbcde40-e858-4a79-a3d3-28761b3b8b01,0
7ec7be62-b4f6-45ce-9656-d6da4ce259fb,0
a788e121-e5d5-47db-a834-888f3d594986,0
c0875275-b832-4807-b813-2b1bbeeccbf7,0
cae17092-8b9f-41d5-8251-34ff5124ebe9,0
7ffd7e9f-844e-4222-9259-93f68fd1d793,0
c2510000-ca81-4035-ab46-a29a0bd8eef9,1
2470369a-69d8-4c21-93e8-ad665e0124b9,0
366a6a0b-5ec4-4d1d-a314-15b0d0bb487d,1
0b790dc1-9ff3-42cd-b57f-bab4589b02ed,0
ad04ce5a-1da6-42ba-9789-7da30e895cd0,0
7df93aa0-65e0-4df8-bbe9-806b26a95a3d,0
37c14d41-d8fb-4e73-8c22-364a0f9eaa9a,0
861c5dcc-6c90-44d5-96e3-0e6944ab4ad2,0
2e5f3296-5e2a-479f-bcc7-8d47d8b32278,0
6c6690fd-3c56-42ea-a63f-5398e30664c6,0
88095a26-381a-498b-9272-c1e8eaf870d1,0
628a44bd-9678-4561-905f-73779883d79a,1
f9eb78d9-c2a3-4593-8282-af9ba08a08f1,1
4206bd52-de7d-4687-96a5-a89728db4d38,0
ca3e1414-e1bf-4028-8e9d-d3cf7a7289b0,0
1a33035d-210e-49ae-b584-fa200e09c217,0
f275bacb-8cac-48aa-aa3f-aaf294f1006d,1
6e9e7026-8856-4a9b-be57-d97b75e3891d,0
218f1afe-cd3a-4e46-858c-2105701fa4e3,0
05bf6e00-bdcc-49da-8acc-087b02585786,1
50168cd1-6b5a-4f5e-b25b-747b87485a45,0
2d764e70-122c-44e8-8993-04058fd1c876,0
d5cc31a5-6334-41db-a0b0-7aada0e039e2,0
84b39967-2a22-42ba-95a4-e69b980a577f,0
08680775-27d5-4217-bb37-1a8bac723fdb,1
7941a9df-12eb-4239-86af-9f2c0298e900,0
0fd4ec54-327e-4a90-b1f3-8de685abf770,0
dd00f74f-3ea1-4583-a4ab-b18ce5ef94b3,0
9e0c8356-f590-4f71-8047-9eee51a77b3e,0
feb23e40-83fb-49b2-b4c6-fda43d529f4d,1
2e2a478f-1e7e-4ea4-8491-2ad2cc680339,0
b87db2e8-d217-4442-92b9-cd8e408f7333,0
df1c2d0d-a6b9-46e6-9398-c0d681abfe4d,1
e8f58629-2b97-4954-a9e6-928524e1b35a,1
c70a2f14-8c09-4e4c-8c0c-e9560d16e35a,0
134047e7-7dc8-40bc-9f44-5ae0e64ea7cd,1
fb30556e-9664-4f55-be6d-4f62c56345ab,0
83156e36-cbf7-4132-bf13-567cdcfa7970,1
863bc3ae-3568-4edc-b1aa-b93195697109,0
125b9a31-efcf-4730-aa74-bc3629c6d250,1
46f8ec4e-1489-4878-922d-1cf2a2ccc2f4,1
4c8aae61-9e70-4464-93f4-754bdab7cb67,0
a2e1792e-1f95-4e61-8b6e-96307bdd317f,0
b7cbf5f7-b2e5-4b86-b050-28dff508585a,0
4e34f8a4-25ae-415e-88f8-ff03a95f8018,0
b8ea61a2-f3af-459f-818b-2349ff00f51d,0
b6e297f1-b13c-4095-b4fa-813831a47200,1
2fef49a7-401b-4d0a-8d5c-539f72c74f06,0
de40221b-af18-4da5-8c72-e342995ec8be,0
665bd499-cede-441f-a84e-e95ee949b9a1,0
f940871b-4c95-4ca5-929d-8c50975fe351,1
410301e7-daec-418f-a030-d7bec3397ed5,0
10d804f7-5e96-4e7d-b532-bac187ac0aec,0
562ae455-55ca-4f63-9fac-ee2d4488a0ff,0
99f219e3-c311-46d6-819b-d090cdbe20e5,0
e1b74943-89c0-4560-a1e7-d0bd3943cd18,0
a76d2022-2dcd-40dc-afd1-74a237a5398e,0
fa722c19-1e0b-43a7-ad28-ede7ad8936b0,1
d57dea27-3212-4794-822a-9a48f6dc7113,0
445c78cf-f9cd-458f-a09d-26fe74293291,1
e88d69bf-2dda-4aff-b063-4fa1ff8d2e84,0
ef52f15c-5e34-4781-a7d9-6aa864f8edb8,1
91193762-7a36-4a35-9432-cb6c1472e788,0
c5c08187-79dc-42b3-8893-0e02113ff4a1,0
d8b49af2-f87d-4565-8f35-56fee3b96fcc,0
a0768431-dee7-4789-8d40-7d9c13c53f01,1
78be7e4b-19e3-47d2-bfd4-1407f4bd9655,0
7a5740df-da04-4e03-ab2c-0a2cdf2d5a80,0
4075b5f1-0bb9-402d-98cb-9719241296dc,0
4fb26992-c6c9-4932-ad27-46f7c5f61e2f,0
cc626db2-c54f-425b-b558-e39d9676f9e8,1
2b56230c-8a9a-4732-b94c-7f6764d74ecf,0
1fb88047-dd3d-44d2-bc73-752904e94fc9,0
52e5791b-9d7d-4cf1-916f-0d30ba66ca3a,0
db547f7b-d554-4112-a1b8-47c94bacd0e8,1
6cfd6a88-8aae-4043-97f1-9097a4bbef40,0
f2c9f518-8cf2-44dd-98cb-abe352b999a5,0
740d8599-d500-491c-9a54-e22b3f9f8349,1
4edf46d6-17b7-4401-8ecc-1369e6ddd2fd,1
a038451b-54ed-48a7-8b21-2d473c94bed8,0
a1bf9d6c-0b3c-40f3-89e8-4529a3e08b08,0
197588f8-e263-4e93-a379-9a7542da041a,0
80cfc671-a969-4a1f-8788-1b128fe8f263,0
c97bf718-c7f5-46de-911a-330a9b13a07a,0
3f376ceb-c837-44c6-a201-94228b9b75d9,0
55318235-4867-46eb-9e0f-1eb2a799247f,0
755d4d7f-fd25-4330-865e-4992ca0dc7b2,1
b2bc5852-5a88-4e03-aa59-c12c1ab197ca,0
140a1f26-67e9-4053-b20c-e49f754d5a38,1
e67d6b46-6325-4ee1-894f-f92d122a97e3,1
299d9277-f8c8-48a2-9e09-fe223dd6e373,0
cecc4161-679c-48e9-9394-6833f3f741f2,1
8c84c050-5966-4f2d-a39a-9f1f34004d95,0
eb028094-250a-47a3-97ce-2a241952aed5,1
8f20bc8f-2e65-4bb8-bddf-39560f5ee72f,0
aae8aaf3-ebef-4417-af55-2dac7a417793,0
d8ed2b81-2259-4627-9f05-75a72b283e54,0
0f1d1590-8c2c-4267-b879-034fafd45b25,0
cd27b075-c9d5-49ae-a098-88bb8f2eefdb,0
8da624fc-980a-47f3-9fd3-b07bf0d57e31,1
4b7523d6-ab6d-444a-a17a-36343719b087,1
4f2f251d-e660-4658-8062-9e1470423b4c,1
17a036dd-b30b-48fe-909e-aa7db2c84289,0
8709d957-03a8-41fa-a1d3-66264a1236e2,0
53f448c9-0ab1-4a0c-a76d-69c914131127,0
6ac383c6-96eb-45d0-8f8b-3d6ccb14851b,0
0979de96-c1b3-42e4-8b94-32840386c2b8,0
4638ce71-efcd-4a5d-921c-eb6172fbcca5,0
ff28e438-0088-4d50-ab68-98f74413a0bd,1
46ec4900-e4a7-4ea5-a665-d563f2626204,1
2df9d9ec-677d-49c0-8c3c-f30e87271575,1
bcd67797-4701-4389-bb61-88a8a38fc6e1,0
b45cf683-b926-4426-9e42-1f7bbf1292e5,1
051bdef1-c950-4c34-ace2-3844cc0fa9af,0
819cb302-7d4f-4638-a3a9-cfa94dca2916,1
c5e659e1-317a-47e5-9d3d-6e15ae32507e,1
606a0b58-caf0-4641-a2b1-c1dee441eb4b,0
872320a7-3ec2-487f-8d9a-cc7cd84c6da6,1
f80f3fdc-d4f5-4d99-800e-7eba7ea16260,0
bc9be993-8b0e-49d4-abfd-b6d318ac69cc,0
da5c1bf9-8662-4e8b-8393-ec797ea31b86,1
fc3957aa-8897-49ba-a576-3cad7279a95c,1
abc6c9a3-b4cf-4e97-97b2-924719f21e67,0
72327179-c0b2-496b-9832-984aa81d343c,1
db52eb2b-7052-4b14-9386-89b692170366,0
15321eaf-bc6e-4b26-9d34-dcb5bdff890f,0
4e026eb2-28dc-49c2-8a0a-25fed7866dde,0
ed0e5aff-673d-46da-8091-7d139333ecc2,1
b8b573e2-a188-4afe-a71a-80b997f6782f,0
9ec33cc0-1fb2-4452-8cd4-a38757e3d343,1
dfa75653-689c-4522-8ac3-ad197e78d246,0
525ec235-c2f2-4a58-b763-87f5dbdd42ed,1
4dbc9057-66e8-4d70-8cc2-3d0524b6ec6d,0
32545b7c-6680-45d7-b060-e3f24fea788c,1
0d949f14-bf6a-49ca-9ab6-30972dd02531,1
f4cf53ff-9c13-4287-b5a7-ed98f3c3c56d,1
d41da886-1711-409a-99ff-5cd92f46e194,0
ca129d86-e0ae-4179-8f2f-7d7c3290a91e,0
d94472b5-8871-42c0-8b08-9248750e29cb,0
9afbf7f8-eb70-40bd-8c5f-7528c3966355,0
3307cd5c-fb45-4dfc-9c70-0d75335d4106,0
1ab1d8e7-5108-4927-9b1b-e5a9ccd5cabb,0
a9fdacc0-c3a7-4463-bd01-5b97daf8c0b1,0
7143f6dd-d50c-45f9-b5b7-92220be55adb,0
ca23f94b-557f-4259-8781-7fe8f74d43c5,1
a64e3059-6981-46dc-b1d9-657863c992af,0
5d859785-ad03-4086-9ca4-f791c0858333,1
ac633382-4dbf-4a67-a9fe-df4e4825d30e,0
c782d17a-bd2b-4fa2-b78b-9cbfde171035,1
742894ce-4cf5-4761-920a-84181f88fd85,0
e05e6e57-cf77-403a-9ec4-0d12261eee33,1
63aa0851-8225-4b08-a363-2e950f92160a,1
e5b66a14-e719-448f-a121-12bff6d528fe,1
0dd3c1b4-f0ec-4eb7-b2ca-a68910d20ef4,0
3f36278c-655c-49b3-8414-aadecf05a78f,0
bdba9206-e8f5-422f-905f-301d410b45e8,0
eb69cdfb-cbbe-4ab8-bfb3-45d5e48181e7,0
3c999344-ed3f-40dc-a780-d09312cdbfff,0
4423ac74-8c2c-4f19-b981-4b959e06b14c,0
2c1821d5-1691-4ae3-af31-1072dd7a4854,0
28959e6e-646f-4b79-a12f-9abeed61412c,1
2c72d432-38fc-490b-ae81-0cf4911ea797,1
2cb3f217-6f74-4956-9c69-730cc7e97fd4,0
46f88131-0640-4d90-a677-39fe004b4de8,0
0f3edc0a-5d1d-48ab-8fba-eec8508d761c,1
8b367a4c-b995-4c00-bc25-5ddbd50b16fd,0
164ed4d2-91aa-4eb8-ab07-b7a913420286,1
27498930-3323-49cd-ba1c-8880c9cf60d7,0
bcef7a92-dfd2-4983-83ff-4f2402240d23,0
60377261-334f-499e-876f-857f615269b9,0
0bbc0988-7381-4f30-8d89-dd348f976af0,1
abd5e78e-5458-4f1e-bd58-a1fb4f6c9999,1
748572f6-6962-4873-bee8-380761d0eaf6,1
12ffe59b-8fe6-4121-8fea-4d9563ca1bac,0
decb6923-1466-427d-8049-42a16c58b421,0
e599f861-d1c8-45a0-8114-e5cb4f4345bc,0
3f8d2403-cb2e-4662-938f-4247de5e724c,0
efe79372-f553-4bd9-a2fd-45022cab3d2c,0
02c6fe15-2c18-465f-828e-ffdb9edc7a93,1
e5d52599-0a5b-4b5c-bbe8-ea84c9b9e8e4,0
be9aba9c-4c8a-4877-b795-eaad3385a91e,1
79df6a9d-6457-4cc5-8b59-60b9b0d67088,0
a3434970-f0d2-4875-badc-8e0f71a55b64,0
2474b842-856f-4bbd-8dc2-c9fcd35e3cb7,0
b6d3d648-2735-4e1b-a010-aedc1e47af4d,0
139c1ca4-aa4a-4def-8963-47270c18ff6c,0
5e869dd6-803f-4b86-a383-c1b05563a512,0
945f61ec-614f-495c-92c7-6047c5b3d27d,1
5f4ca7a5-9d45-4a8c-8975-c1dc76c8de34,1
14e30c3e-7b7a-4cf9-85b7-4da2e7d67475,0
1813b694-6e9d-4d3c-97ec-85e0dcbe83f3,0
7647257c-0ec7-4919-98ed-57746632fb03,0
6c85b21a-e67e-4c0e-b9b7-b553faa5f7d5,0
afea66bc-bd90-4fa3-b928-aa7849b55532,0
e9fadd91-3bdd-4c04-b237-79178e8daee3,0
bf6f2c6d-64cb-4d64-86e2-a8185835725f,1
d672266a-8134-4a12-bfe1-cfe2fbe050bf,0
f5a05d51-8a48-42a5-b201-10b757619447,0
77624597-fcc1-4fc9-a913-21802b6885ad,0
5a31744a-1f74-4c21-a1d7-9a19e6f52c61,0
3a75558b-2041-47fa-a383-e5618ee6c4a7,0
adff12e4-2d33-4d3c-abc6-af05d668008b,0
0af598f0-1413-4bd8-a45c-ec860da64ca5,1
75fd3301-efa8-427b-9b89-7bd4081a4e8a,0
8768605c-b73d-4802-ad2b-a42b2a4a6dde,0
c6130494-8d72-485a-bab0-41d5125f7c84,0
bb34b8c9-5e88-43eb-84a3-cab9f9351f20,0
8c37ee9d-8033-4cd4-88bd-3a73e2aa77e8,0
dbdec09a-4bcb-405a-b2c3-e7b867d94c01,1
71794479-2f4a-4116-9eb0-9c140e6af3d2,0
fd083dce-b60a-4875-adcf-fd0bbf75c9a5,0
2ddd2852-fb2b-4e06-9ce2-743ca30317b4,0
fec77635-678a-42ec-a95b-62eac5ce1c06,0
76f587d9-785c-45f4-81b8-6ad691c5365f,0
b470c142-275b-4a7b-b53a-5b268b2a290a,0
89818af8-88d8-4a57-9bd8-408b4d430766,0
551c6b94-f383-4309-bca1-8ca998b00bd3,0
995d60e6-a54d-4ef6-bf0a-379833b77d0d,0
5a94f471-c82d-4535-b89b-8a6646fcdfda,0
ecf7ad0a-30ea-4988-a366-f2b5158c12a0,0
46932270-81b6-4a0a-af36-8d29bbeb94f1,0
1e4c496f-aa2d-480c-8697-8854cc051924,0
d675808b-830b-4539-8b53-b8fc1ae184a4,0
c861ced2-e7de-4d00-8ec7-169e07e50419,1
c659d938-ef0e-4918-8d7b-024f7b38caf9,1
22787ca0-2c50-4637-a952-b85c52268762,1
b80d6e62-56e7-4a55-a94f-946309807349,1
3ca95054-2a3c-4a59-8b6f-aa17899fac73,0
7d20e873-8acd-4181-8b79-d8b491a73569,0
6c79ce6a-9522-4d8f-883e-c56574ebec0d,0
57e12ce0-ad1b-499a-b4aa-d1da73cc7642,0
5fd5606f-0573-4cf6-bf19-c8ea46b4f141,1
1f1648b7-3280-4b7e-ae86-0d0032912af6,1
2e655211-bd21-4f47-a453-fc13b25676cc,0
a1dd3423-c869-4223-b847-9779691e9a9e,1
3f202e1d-225f-479c-8bf3-e3773ad37f86,0
e616567a-783c-4686-bb5a-632ef52a8ce2,1
de810c7c-e2e6-4d30-8d5f-146dcecdd48b,0
c4097818-f70a-4fe2-b433-d7607f6335fa,1
992d516b-2193-49af-a5e9-5b7234d3a07c,1
1d1fbf6d-62e8-435a-82e0-8e89f56a6334,0
43b55c4d-19a4-4486-b367-bea2c41f04b2,1
6aec5407-9f72-4e0b-a32b-4243e7073ee7,0
03e421cd-30b5-440e-812e-e65f797a1f62,1
140b58c8-0b60-4d2c-a657-51e77364fa49,0
8e1d4a51-50ea-405f-b55b-cf7d7ad69c59,0
059b7fbb-5b68-4e03-bbb7-e01546a1ddbf,0
26816431-362c-45b8-a678-6f3d27260089,0
9f37a020-0335-441c-b8f8-1ad8f9e7bc06,0
7b07ff1d-79c4-48f8-8f8f-95e2f5419977,0
f0b0b195-555b-4a09-a3ef-14087ae8ea6e,0
52192bbd-57b4-4a95-aa61-0a0c244a9497,1
5933ab24-b36b-41d0-a510-61497936a99f,0
f8eee022-c0f9-47e6-a330-4b33d2f2cf89,0
ed593622-2610-415e-a4a2-47dbe46e0e5a,0
50dbe269-857a-4086-8a2a-bf3d15d9e3c5,0
53997a62-9d70-4b1b-af27-7acfed287bdb,0
b4432b9a-537f-4dae-9246-47d3fb7bcfcf,1
64f6107d-0bfe-4236-b298-33797a820b92,1
5c9d2bf4-d3d5-4aea-b4e6-ae350930b43c,0
18d01fa6-390e-45b6-92e3-77339122b560,0
f51895ef-b93a-4bdd-a522-6e8629c16dbd,0
17da9468-f7a6-4164-928a-15c6596fcf2c,0
530181cc-8f6d-421d-8d03-03113d58e8a3,0
39fed723-036f-472d-a752-1acdb63605d2,0
